Data,Atraso(ms),Hop_count,Bottleneck,Vazao_BBR,is_imputed
2024-01-16 00:00:00,57.58,8.0,3.0,902058668.0,0
2024-01-16 06:00:00,56.06,8.0,3.0,921038658.0,0
2024-01-16 12:00:00,61.24,8.0,3.0,912995899.0,0
2024-01-16 18:00:00,51.435,8.0,3.0,951103760.0558901,1
2024-01-17 00:00:00,51.435,8.0,3.0,950376456.1086851,1
2024-01-17 06:00:00,51.435,8.0,3.0,953427078.589976,1
2024-01-17 12:00:00,52.58,11.0,100.0,902723907.0,0
2024-01-17 18:00:00,51.435,8.0,3.0,907362840.6189246,1
2024-01-18 00:00:00,51.435,8.0,3.0,919896686.7781157,1
2024-01-18 06:00:00,51.435,8.0,3.0,930850045.2407179,1
2024-01-18 12:00:00,51.435,8.0,3.0,926139011.1247884,1
2024-01-18 18:00:00,57.68,10.0,100.0,905079415.0,0
2024-01-19 00:00:00,51.435,8.0,3.0,929265723.6991459,1
2024-01-19 06:00:00,51.435,8.0,3.0,940530609.6533623,1
2024-01-19 12:00:00,51.435,8.0,3.0,935281643.674954,1
2024-01-19 18:00:00,51.435,8.0,3.0,926076572.5663164,1
2024-01-20 00:00:00,51.435,8.0,3.0,934119410.2849956,1
2024-01-20 06:00:00,53.04,10.0,100.0,909932052.0,0
2024-01-20 12:00:00,51.435,8.0,3.0,939208203.6823776,1
2024-01-20 18:00:00,51.435,8.0,3.0,932893334.9594835,1
2024-01-21 00:00:00,51.435,8.0,3.0,939833196.0308812,1
2024-01-21 06:00:00,51.435,8.0,3.0,949454487.829221,1
2024-01-21 12:00:00,51.435,8.0,3.0,943770812.0187094,1
2024-01-21 18:00:00,51.435,8.0,3.0,939274873.4992918,1
2024-01-22 00:00:00,51.435,8.0,3.0,920555676.6331278,1
2024-01-22 06:00:00,51.435,8.0,3.0,924165213.7538041,1
2024-01-22 12:00:00,51.435,8.0,3.0,926619165.3353708,1
2024-01-22 18:00:00,51.435,8.0,3.0,917871005.0846357,1
2024-01-23 00:00:00,74.5,7.0,3.0,914779897.0,0
2024-01-23 06:00:00,51.435,10.0,100.0,905891142.0,0
2024-01-23 12:00:00,51.435,13.0,40.0,876712039.5,0
2024-01-23 18:00:00,55.77,11.0,40.0,918929329.5,0
2024-01-24 00:00:00,51.435,8.0,3.0,930199878.2383528,1
2024-01-24 06:00:00,54.49,10.0,100.0,885733741.0,0
2024-01-24 12:00:00,45.21,10.0,100.0,902981989.0,0
2024-01-24 18:00:00,51.435,8.0,3.0,926796712.4377146,1
2024-01-25 00:00:00,73.55,11.0,100.0,712037953.0,0
2024-01-25 06:00:00,56.62,7.0,3.0,901874851.0,0
2024-01-25 12:00:00,54.51,10.0,100.0,916404094.0,0
2024-01-25 18:00:00,51.75,10.0,100.0,908922884.0,0
2024-01-26 00:00:00,54.55,7.0,3.0,863203074.0,0
2024-01-26 06:00:00,51.435,8.0,3.0,926720101.9311696,1
2024-01-26 12:00:00,51.435,8.0,3.0,940050186.8354733,1
2024-01-26 18:00:00,51.435,8.0,3.0,927606969.7340953,1
2024-01-27 00:00:00,51.435,8.0,3.0,934938618.170804,1
2024-01-27 06:00:00,51.435,8.0,3.0,944626056.608325,1
2024-01-27 12:00:00,51.435,8.0,3.0,942176835.5668576,1
2024-01-27 18:00:00,51.435,8.0,3.0,931290832.3017955,1
2024-01-28 00:00:00,51.435,8.0,3.0,938745612.2847464,1
2024-01-28 06:00:00,51.435,8.0,3.0,948220238.7266977,1
2024-01-28 12:00:00,51.435,8.0,3.0,943735352.6587193,1
2024-01-28 18:00:00,51.435,8.0,3.0,933972303.9188218,1
2024-01-29 00:00:00,51.435,8.0,3.0,917884113.8755282,1
2024-01-29 06:00:00,51.435,8.0,3.0,922664523.911395,1
2024-01-29 12:00:00,51.435,8.0,3.0,926186638.6906341,1
2024-01-29 18:00:00,43.22,10.0,100.0,901721217.0,0
2024-01-30 00:00:00,51.435,8.0,3.0,922890158.1963136,1
2024-01-30 06:00:00,46.66,10.0,100.0,885122813.0,0
2024-01-30 12:00:00,51.435,8.0,3.0,932831253.8563561,1
2024-01-30 18:00:00,46.38,10.0,100.0,918814352.0,0
2024-01-31 00:00:00,45.65,10.0,100.0,909124637.0,0
2024-01-31 06:00:00,51.435,8.0,3.0,939630732.8555787,1
2024-01-31 12:00:00,35.22,10.0,100.0,911947481.0,0
2024-01-31 18:00:00,47.92,10.0,100.0,903565755.0,0
2024-02-01 00:00:00,51.435,8.0,3.0,914638139.8410339,1
2024-02-01 06:00:00,51.435,8.0,3.0,928365653.7279333,1
2024-02-01 12:00:00,47.26,10.0,100.0,919785457.5,0
2024-02-01 18:00:00,46.99,10.0,100.0,918710735.0,0
2024-02-02 00:00:00,51.435,8.0,3.0,924275352.1341165,1
2024-02-02 06:00:00,43.73,10.0,100.0,901309191.5,0
2024-02-02 12:00:00,47.57,10.0,100.0,919917794.0,0
2024-02-02 18:00:00,51.435,8.0,3.0,919859064.7410758,1
2024-02-03 00:00:00,51.435,8.0,3.0,928183024.8018513,1
2024-02-03 06:00:00,51.12,10.0,100.0,901357777.0,0
2024-02-03 12:00:00,52.06,10.0,100.0,918836491.0,0
2024-02-03 18:00:00,53.5,10.0,100.0,904207188.0,0
2024-02-04 00:00:00,51.435,8.0,3.0,930574896.8150299,1
2024-02-04 06:00:00,47.45,10.0,100.0,905657491.0,0
2024-02-04 12:00:00,51.435,8.0,3.0,929949754.0831437,1
2024-02-04 18:00:00,46.77,10.0,100.0,904741008.0,0
2024-02-05 00:00:00,51.435,8.0,3.0,907176096.6142799,1
2024-02-05 06:00:00,51.435,8.0,3.0,914735224.75404,1
2024-02-05 12:00:00,51.435,8.0,3.0,912722742.8262552,1
2024-02-05 18:00:00,45.47,10.0,100.0,922121146.0,0
2024-02-06 00:00:00,47.73,10.0,100.0,917296486.0,0
2024-02-06 06:00:00,46.51,10.0,100.0,905725136.0,0
2024-02-06 12:00:00,51.435,8.0,3.0,918647121.3624579,1
2024-02-06 18:00:00,51.435,8.0,3.0,911601262.2716494,1
2024-02-07 00:00:00,54.05,10.0,100.0,913676880.0,0
2024-02-07 06:00:00,52.06,10.0,100.0,917662892.0,0
2024-02-07 12:00:00,47.22,10.0,100.0,901909271.0,0
2024-02-07 18:00:00,51.435,8.0,3.0,914500229.491713,1
2024-02-08 00:00:00,51.435,8.0,3.0,923140831.0739963,1
2024-02-08 06:00:00,51.435,8.0,3.0,930959276.7360433,1
2024-02-08 12:00:00,51.435,8.0,3.0,924008271.3538351,1
2024-02-08 18:00:00,51.435,8.0,3.0,915244964.6319363,1
2024-02-09 00:00:00,51.435,8.0,3.0,923831291.7968457,1
2024-02-09 06:00:00,51.435,8.0,3.0,934445945.7874758,1
2024-02-09 12:00:00,51.435,8.0,3.0,926365336.2181295,1
2024-02-09 18:00:00,51.435,8.0,3.0,917543154.7707088,1
2024-02-10 00:00:00,51.435,8.0,3.0,924397806.7568741,1
2024-02-10 06:00:00,51.435,8.0,3.0,938777466.5036945,1
2024-02-10 12:00:00,51.435,8.0,3.0,929958334.3755803,1
2024-02-10 18:00:00,51.435,8.0,3.0,920859750.6778337,1
2024-02-11 00:00:00,51.435,8.0,3.0,928233534.9507809,1
2024-02-11 06:00:00,51.435,8.0,3.0,942641642.112319,1
2024-02-11 12:00:00,51.435,8.0,3.0,933963470.5970747,1
2024-02-11 18:00:00,51.435,8.0,3.0,926019204.7265308,1
2024-02-12 00:00:00,51.435,8.0,3.0,908297586.7381128,1
2024-02-12 06:00:00,51.435,8.0,3.0,915069405.0474466,1
2024-02-12 12:00:00,51.435,8.0,3.0,915990223.351358,1
2024-02-12 18:00:00,51.435,8.0,3.0,907647434.6542108,1
2024-02-13 00:00:00,51.435,8.0,3.0,915130108.8545333,1
2024-02-13 06:00:00,51.435,8.0,3.0,921711271.8906399,1
2024-02-13 12:00:00,51.435,8.0,3.0,924903597.1576566,1
2024-02-13 18:00:00,51.435,8.0,3.0,915265830.8902504,1
2024-02-14 00:00:00,51.435,8.0,3.0,921538394.7921638,1
2024-02-14 06:00:00,51.435,8.0,3.0,929051414.5713048,1
2024-02-14 12:00:00,51.435,8.0,3.0,927714200.4628229,1
2024-02-14 18:00:00,51.435,8.0,3.0,915786948.4135293,1
2024-02-15 00:00:00,51.435,8.0,3.0,922442799.844902,1
2024-02-15 06:00:00,51.435,8.0,3.0,935944255.2317792,1
2024-02-15 12:00:00,51.435,8.0,3.0,928617894.7918805,1
2024-02-15 18:00:00,51.435,8.0,3.0,918776940.3897972,1
2024-02-16 00:00:00,51.435,8.0,3.0,925829793.6502485,1
2024-02-16 06:00:00,51.435,8.0,3.0,939239754.9098858,1
2024-02-16 12:00:00,51.435,8.0,3.0,930880501.3986044,1
2024-02-16 18:00:00,51.435,8.0,3.0,921948220.4975324,1
2024-02-17 00:00:00,51.435,8.0,3.0,930041502.134301,1
2024-02-17 06:00:00,51.435,8.0,3.0,943503722.0271344,1
2024-02-17 12:00:00,51.435,8.0,3.0,934357337.0437307,1
2024-02-17 18:00:00,51.435,8.0,3.0,924810509.117276,1
2024-02-18 00:00:00,51.435,8.0,3.0,933044521.9504199,1
2024-02-18 06:00:00,51.435,8.0,3.0,943461374.1490896,1
2024-02-18 12:00:00,51.435,8.0,3.0,938565024.7749428,1
2024-02-18 18:00:00,51.435,8.0,3.0,929227112.0689943,1
2024-02-19 00:00:00,51.435,8.0,3.0,913129882.7698202,1
2024-02-19 06:00:00,51.435,8.0,3.0,917462823.503059,1
2024-02-19 12:00:00,51.435,8.0,3.0,920897226.1454613,1
2024-02-19 18:00:00,51.435,8.0,3.0,912996250.9464521,1
2024-02-20 00:00:00,51.435,8.0,3.0,920317283.6328971,1
2024-02-20 06:00:00,51.435,8.0,3.0,926911472.0460129,1
2024-02-20 12:00:00,51.435,8.0,3.0,928993917.0629354,1
2024-02-20 18:00:00,51.435,8.0,3.0,919165030.6371477,1
2024-02-21 00:00:00,51.435,8.0,3.0,926122453.153221,1
2024-02-21 06:00:00,51.435,8.0,3.0,936224678.2933916,1
2024-02-21 12:00:00,51.435,8.0,3.0,930432712.4887531,1
2024-02-21 18:00:00,51.435,8.0,3.0,919412155.4164102,1
2024-02-22 00:00:00,51.435,8.0,3.0,926491979.3495524,1
2024-02-22 06:00:00,51.435,8.0,3.0,940136019.958359,1
2024-02-22 12:00:00,51.435,8.0,3.0,931499344.8209234,1
2024-02-22 18:00:00,51.435,8.0,3.0,922526820.296803,1
2024-02-23 00:00:00,51.435,8.0,3.0,930513351.5885103,1
2024-02-23 06:00:00,51.435,8.0,3.0,943744827.0330863,1
2024-02-23 12:00:00,51.435,8.0,3.0,935237456.3360051,1
2024-02-23 18:00:00,51.435,8.0,3.0,925803907.8810667,1
2024-02-24 00:00:00,51.435,8.0,3.0,934747584.0582035,1
2024-02-24 06:00:00,51.435,8.0,3.0,944105884.4700048,1
2024-02-24 12:00:00,51.435,8.0,3.0,939396481.2863402,1
2024-02-24 18:00:00,51.435,8.0,3.0,930106455.0610014,1
2024-02-25 00:00:00,51.435,8.0,3.0,938527431.9684982,1
2024-02-25 06:00:00,51.435,8.0,3.0,947692271.4120326,1
2024-02-25 12:00:00,51.435,8.0,3.0,942921926.6030902,1
2024-02-25 18:00:00,51.435,8.0,3.0,933618201.6483244,1
2024-02-26 00:00:00,51.435,8.0,3.0,917215717.8750226,1
2024-02-26 06:00:00,51.435,8.0,3.0,922228573.3882418,1
2024-02-26 12:00:00,51.435,8.0,3.0,925526553.2597421,1
2024-02-26 18:00:00,51.435,8.0,3.0,917441795.1326169,1
2024-02-27 00:00:00,51.435,8.0,3.0,923930551.199616,1
2024-02-27 06:00:00,51.435,8.0,3.0,931378473.8833548,1
2024-02-27 12:00:00,51.435,8.0,3.0,932851083.569474,1
2024-02-27 18:00:00,51.435,8.0,3.0,920785675.7700909,1
2024-02-28 00:00:00,51.435,8.0,3.0,927920947.8728012,1
2024-02-28 06:00:00,51.435,8.0,3.0,940864046.4950027,1
2024-02-28 12:00:00,51.435,8.0,3.0,932342568.4340152,1
2024-02-28 18:00:00,51.435,8.0,3.0,923969997.5225502,1
2024-02-29 00:00:00,51.435,8.0,3.0,931096114.8485686,1
2024-02-29 06:00:00,51.435,8.0,3.0,943940596.4267548,1
2024-02-29 12:00:00,51.435,8.0,3.0,935739069.0216465,1
2024-02-29 18:00:00,51.435,8.0,3.0,926248337.0989249,1
2024-03-01 00:00:00,51.435,8.0,3.0,918556594.1136096,1
2024-03-01 06:00:00,51.435,8.0,3.0,927607599.9172503,1
2024-03-01 12:00:00,51.435,8.0,3.0,927332040.7453291,1
2024-03-01 18:00:00,51.435,8.0,3.0,919249566.6457977,1
2024-03-02 00:00:00,51.435,8.0,3.0,925030367.5276426,1
2024-03-02 06:00:00,51.435,8.0,3.0,933836379.4613676,1
2024-03-02 12:00:00,51.435,8.0,3.0,933044448.021539,1
2024-03-02 18:00:00,51.435,8.0,3.0,923599111.1676148,1
2024-03-03 00:00:00,51.435,8.0,3.0,927844983.5343616,1
2024-03-03 06:00:00,51.435,8.0,3.0,939158776.6050003,1
2024-03-03 12:00:00,51.435,8.0,3.0,934235946.5190238,1
2024-03-03 18:00:00,51.435,8.0,3.0,926884644.7963499,1
2024-03-04 00:00:00,51.435,8.0,3.0,907118365.5389748,1
2024-03-04 06:00:00,51.435,8.0,3.0,912155293.7463014,1
2024-03-04 12:00:00,51.435,8.0,3.0,914544608.6137747,1
2024-03-04 18:00:00,51.435,8.0,3.0,907183278.5769161,1
2024-03-05 00:00:00,51.435,8.0,3.0,914340032.6845999,1
2024-03-05 06:00:00,51.435,8.0,3.0,923100973.5626521,1
2024-03-05 12:00:00,51.435,8.0,3.0,923398643.0996574,1
2024-03-05 18:00:00,51.435,8.0,3.0,913360861.5321548,1
2024-03-06 00:00:00,51.435,8.0,3.0,920580407.4935738,1
2024-03-06 06:00:00,51.435,8.0,3.0,930507903.556126,1
2024-03-06 12:00:00,51.435,8.0,3.0,926148623.9021026,1
2024-03-06 18:00:00,51.435,8.0,3.0,913658542.1874357,1
2024-03-07 00:00:00,51.435,8.0,3.0,920530682.9738052,1
2024-03-07 06:00:00,51.435,8.0,3.0,933965725.9769213,1
2024-03-07 12:00:00,51.435,8.0,3.0,929246491.851056,1
2024-03-07 18:00:00,51.435,8.0,3.0,916870847.306227,1
2024-03-08 00:00:00,51.435,8.0,3.0,924004152.3633213,1
2024-03-08 06:00:00,51.435,8.0,3.0,937767335.4381772,1
2024-03-08 12:00:00,51.435,8.0,3.0,932174565.6115091,1
2024-03-08 18:00:00,51.435,8.0,3.0,920288245.2876556,1
2024-03-09 00:00:00,51.435,8.0,3.0,926783536.7768501,1
2024-03-09 06:00:00,51.435,8.0,3.0,941357491.6434245,1
2024-03-09 12:00:00,51.435,8.0,3.0,932976666.3898772,1
2024-03-09 18:00:00,51.435,8.0,3.0,923895816.3049102,1
2024-03-10 00:00:00,51.435,8.0,3.0,930630956.1566674,1
2024-03-10 06:00:00,51.435,8.0,3.0,944617726.2257805,1
2024-03-10 12:00:00,51.435,8.0,3.0,936274353.3965874,1
2024-03-10 18:00:00,51.435,8.0,3.0,928420021.7792728,1
2024-03-11 00:00:00,51.435,8.0,3.0,910525022.3188155,1
2024-03-11 06:00:00,51.435,8.0,3.0,915091066.8413434,1
2024-03-11 12:00:00,51.435,8.0,3.0,918275363.2815387,1
2024-03-11 18:00:00,51.435,8.0,3.0,910532563.3310105,1
2024-03-12 00:00:00,51.435,8.0,3.0,918075458.132571,1
2024-03-12 06:00:00,51.435,8.0,3.0,924376525.5565116,1
2024-03-12 12:00:00,51.435,8.0,3.0,926965484.6068777,1
2024-03-12 18:00:00,51.435,8.0,3.0,917115759.7099535,1
2024-03-13 00:00:00,51.435,8.0,3.0,923970711.427424,1
2024-03-13 06:00:00,51.435,8.0,3.0,934049321.849686,1
2024-03-13 12:00:00,51.435,8.0,3.0,928462172.2031099,1
2024-03-13 18:00:00,51.435,8.0,3.0,917014438.5585674,1
2024-03-14 00:00:00,51.435,8.0,3.0,924418287.6879168,1
2024-03-14 06:00:00,51.435,8.0,3.0,937704518.3274186,1
2024-03-14 12:00:00,51.435,8.0,3.0,929961540.8626008,1
2024-03-14 18:00:00,51.435,8.0,3.0,920326465.59846,1
2024-03-15 00:00:00,51.435,8.0,3.0,928012240.5337677,1
2024-03-15 06:00:00,51.435,8.0,3.0,941252397.9548901,1
2024-03-15 12:00:00,51.435,8.0,3.0,932878415.7731762,1
2024-03-15 18:00:00,51.435,8.0,3.0,923972071.2737952,1
2024-03-16 00:00:00,51.435,8.0,3.0,931504968.0597059,1
2024-03-16 06:00:00,51.435,8.0,3.0,944628890.896057,1
2024-03-16 12:00:00,51.435,8.0,3.0,936274005.9912733,1
2024-03-16 18:00:00,51.435,8.0,3.0,926876172.4755468,1
2024-03-17 00:00:00,51.435,8.0,3.0,935051325.9587247,1
2024-03-17 06:00:00,51.435,8.0,3.0,945714991.1969866,1
2024-03-17 12:00:00,51.435,8.0,3.0,940391951.4521607,1
2024-03-17 18:00:00,51.435,8.0,3.0,931131794.0690763,1
2024-03-18 00:00:00,51.435,8.0,3.0,914834915.5482196,1
2024-03-18 06:00:00,51.435,8.0,3.0,919192230.0728652,1
2024-03-18 12:00:00,51.435,8.0,3.0,922671967.0086076,1
2024-03-18 18:00:00,51.435,8.0,3.0,915016343.3654777,1
2024-03-19 00:00:00,51.435,8.0,3.0,922039668.8108618,1
2024-03-19 06:00:00,51.435,8.0,3.0,929016421.5827212,1
2024-03-19 12:00:00,51.435,8.0,3.0,930835168.7224512,1
2024-03-19 18:00:00,51.435,8.0,3.0,921106605.3594017,1
2024-03-20 00:00:00,51.435,8.0,3.0,925618425.3848987,1
2024-03-20 06:00:00,51.435,8.0,3.0,938018299.2954326,1
2024-03-20 12:00:00,51.435,8.0,3.0,930572824.592456,1
2024-03-20 18:00:00,51.435,8.0,3.0,921177917.740698,1
2024-03-21 00:00:00,51.435,8.0,3.0,928617589.672779,1
2024-03-21 06:00:00,51.435,8.0,3.0,941909506.9489049,1
2024-03-21 12:00:00,51.435,8.0,3.0,933544128.8115712,1
2024-03-21 18:00:00,51.435,8.0,3.0,924347479.9731246,1
2024-03-22 00:00:00,51.435,8.0,3.0,931941471.4370466,1
2024-03-22 06:00:00,51.435,8.0,3.0,942765671.0508745,1
2024-03-22 12:00:00,51.435,8.0,3.0,937096264.4274105,1
2024-03-22 18:00:00,51.435,8.0,3.0,928264567.8728207,1
2024-03-23 00:00:00,51.435,8.0,3.0,936367395.411711,1
2024-03-23 06:00:00,51.435,8.0,3.0,945382842.5218378,1
2024-03-23 12:00:00,51.435,8.0,3.0,940520943.2408853,1
2024-03-23 18:00:00,51.435,8.0,3.0,931410456.445475,1
2024-03-24 00:00:00,51.435,8.0,3.0,939642966.4431243,1
2024-03-24 06:00:00,51.435,8.0,3.0,949124432.1155151,1
2024-03-24 12:00:00,51.435,8.0,3.0,944266378.203644,1
2024-03-24 18:00:00,51.435,8.0,3.0,934554428.2399306,1
2024-03-25 00:00:00,51.435,8.0,3.0,917998058.558843,1
2024-03-25 06:00:00,51.435,8.0,3.0,923105687.7567611,1
2024-03-25 12:00:00,51.435,8.0,3.0,926549448.0442021,1
2024-03-25 18:00:00,51.435,8.0,3.0,917675763.7276418,1
2024-03-26 00:00:00,51.435,8.0,3.0,924893831.6721575,1
2024-03-26 06:00:00,51.435,8.0,3.0,932430832.9136006,1
2024-03-26 12:00:00,51.435,8.0,3.0,933972992.5817776,1
2024-03-26 18:00:00,51.435,8.0,3.0,922209141.4950788,1
2024-03-27 00:00:00,51.435,8.0,3.0,928932147.0509391,1
2024-03-27 06:00:00,51.435,8.0,3.0,941798149.9708836,1
2024-03-27 12:00:00,51.435,8.0,3.0,933802572.4103099,1
2024-03-27 18:00:00,51.435,8.0,3.0,924685759.5054946,1
2024-03-28 00:00:00,51.435,8.0,3.0,931860875.678041,1
2024-03-28 06:00:00,51.435,8.0,3.0,942258515.946449,1
2024-03-28 12:00:00,51.435,8.0,3.0,937363225.2539424,1
2024-03-28 18:00:00,51.435,8.0,3.0,928325954.5618905,1
2024-03-29 00:00:00,51.435,8.0,3.0,936365764.3382379,1
2024-03-29 06:00:00,51.435,8.0,3.0,945399347.4116039,1
2024-03-29 12:00:00,51.435,8.0,3.0,940500471.177473,1
2024-03-29 18:00:00,51.435,8.0,3.0,931508526.7535877,1
2024-03-30 00:00:00,51.435,8.0,3.0,940412268.1034793,1
2024-03-30 06:00:00,51.435,8.0,3.0,948956017.89358,1
2024-03-30 12:00:00,51.435,8.0,3.0,944356656.875915,1
2024-03-30 18:00:00,51.435,8.0,3.0,934647748.5748167,1
2024-03-31 00:00:00,51.435,8.0,3.0,943278369.0909934,1
2024-03-31 06:00:00,51.435,8.0,3.0,951727131.3477287,1
2024-03-31 12:00:00,51.435,8.0,3.0,947446305.1984116,1
2024-03-31 18:00:00,51.435,8.0,3.0,938351619.4178697,1
2024-04-01 00:00:00,51.435,8.0,3.0,902998651.365273,1
2024-04-01 06:00:00,51.435,8.0,3.0,906801140.0623307,1
2024-04-01 12:00:00,51.435,8.0,3.0,910694230.6485726,1
2024-04-01 18:00:00,51.435,8.0,3.0,904879388.4447956,1
2024-04-02 00:00:00,51.435,8.0,3.0,912192248.8338559,1
2024-04-02 06:00:00,51.435,8.0,3.0,920997674.4283361,1
2024-04-02 12:00:00,51.435,8.0,3.0,923076877.500191,1
2024-04-02 18:00:00,51.435,8.0,3.0,914267126.7271956,1
2024-04-03 00:00:00,51.435,8.0,3.0,920389584.0409346,1
2024-04-03 06:00:00,51.435,8.0,3.0,930182047.9913288,1
2024-04-03 12:00:00,51.435,8.0,3.0,925858796.7224634,1
2024-04-03 18:00:00,51.435,8.0,3.0,915611056.8154976,1
2024-04-04 00:00:00,51.435,8.0,3.0,920703445.1620421,1
2024-04-04 06:00:00,51.435,8.0,3.0,933465103.7727829,1
2024-04-04 12:00:00,51.435,8.0,3.0,929550999.2618138,1
2024-04-04 18:00:00,51.435,8.0,3.0,916616959.2773781,1
2024-04-05 00:00:00,51.435,8.0,3.0,923754562.1319072,1
2024-04-05 06:00:00,51.435,8.0,3.0,937039328.0220649,1
2024-04-05 12:00:00,51.435,8.0,3.0,931719450.0845622,1
2024-04-05 18:00:00,51.435,8.0,3.0,921994452.6006316,1
2024-04-06 00:00:00,51.435,8.0,3.0,927582307.7299016,1
2024-04-06 06:00:00,51.435,8.0,3.0,940901698.332373,1
2024-04-06 12:00:00,51.435,8.0,3.0,933301783.7108581,1
2024-04-06 18:00:00,51.435,8.0,3.0,925723433.5931652,1
2024-04-07 00:00:00,51.435,8.0,3.0,930644767.5657765,1
2024-04-07 06:00:00,51.435,8.0,3.0,941617081.7991465,1
2024-04-07 12:00:00,51.435,8.0,3.0,936753624.2780699,1
2024-04-07 18:00:00,51.435,8.0,3.0,928909513.0657383,1
2024-04-08 00:00:00,51.435,8.0,3.0,910105064.5420005,1
2024-04-08 06:00:00,51.435,8.0,3.0,914241684.6638432,1
2024-04-08 12:00:00,51.435,8.0,3.0,917633333.8025653,1
2024-04-08 18:00:00,51.435,8.0,3.0,910257254.4783349,1
2024-04-09 00:00:00,51.435,8.0,3.0,917531799.6868498,1
2024-04-09 06:00:00,51.435,8.0,3.0,923694367.7733866,1
2024-04-09 12:00:00,51.435,8.0,3.0,926520403.667649,1
2024-04-09 18:00:00,51.435,8.0,3.0,916851170.0800922,1
2024-04-10 00:00:00,51.435,8.0,3.0,923766389.3935721,1
2024-04-10 06:00:00,51.435,8.0,3.0,933524077.5919077,1
2024-04-10 12:00:00,51.435,8.0,3.0,928431926.2849579,1
2024-04-10 18:00:00,51.435,8.0,3.0,916630603.2797402,1
2024-04-11 00:00:00,51.435,8.0,3.0,923890338.6862072,1
2024-04-11 06:00:00,51.435,8.0,3.0,937140427.097138,1
2024-04-11 12:00:00,51.435,8.0,3.0,929457935.7994282,1
2024-04-11 18:00:00,51.435,8.0,3.0,919796535.4800231,1
2024-04-12 00:00:00,51.435,8.0,3.0,927694432.4545443,1
2024-04-12 06:00:00,51.435,8.0,3.0,941171753.7084475,1
2024-04-12 12:00:00,51.435,8.0,3.0,932871806.027605,1
2024-04-12 18:00:00,51.435,8.0,3.0,923536695.5643437,1
2024-04-13 00:00:00,51.435,8.0,3.0,931174807.4423131,1
2024-04-13 06:00:00,51.435,8.0,3.0,943998500.0421181,1
2024-04-13 12:00:00,51.435,8.0,3.0,935807695.371147,1
2024-04-13 18:00:00,51.435,8.0,3.0,926836730.2266269,1
2024-04-14 00:00:00,51.435,8.0,3.0,934125390.2017937,1
2024-04-14 06:00:00,51.435,8.0,3.0,945032753.4410824,1
2024-04-14 12:00:00,51.435,8.0,3.0,939754515.5188885,1
2024-04-14 18:00:00,51.435,8.0,3.0,931124179.441803,1
2024-04-15 00:00:00,51.435,8.0,3.0,913839248.0750247,1
2024-04-15 06:00:00,51.435,8.0,3.0,918095871.7945037,1
2024-04-15 12:00:00,51.435,8.0,3.0,921610252.294126,1
2024-04-15 18:00:00,51.435,8.0,3.0,914027528.0310662,1
2024-04-16 00:00:00,51.435,8.0,3.0,921240473.6582863,1
2024-04-16 06:00:00,51.435,8.0,3.0,927814248.0049214,1
2024-04-16 12:00:00,51.435,8.0,3.0,930131510.5178931,1
2024-04-16 18:00:00,51.435,8.0,3.0,920128890.0308982,1
2024-04-17 00:00:00,51.435,8.0,3.0,924833599.8017775,1
2024-04-17 06:00:00,51.435,8.0,3.0,937147279.6869233,1
2024-04-17 12:00:00,51.435,8.0,3.0,929719517.156179,1
2024-04-17 18:00:00,51.435,8.0,3.0,920187192.8246634,1
2024-04-18 00:00:00,51.435,8.0,3.0,927826638.9653525,1
2024-04-18 06:00:00,51.435,8.0,3.0,941002651.9185604,1
2024-04-18 12:00:00,51.435,8.0,3.0,932928754.2791523,1
2024-04-18 18:00:00,51.435,8.0,3.0,923666270.3054287,1
2024-04-19 00:00:00,51.435,8.0,3.0,931271887.043915,1
2024-04-19 06:00:00,51.435,8.0,3.0,943718872.8630791,1
2024-04-19 12:00:00,51.435,8.0,3.0,935822062.6354365,1
2024-04-19 18:00:00,51.435,8.0,3.0,926998057.1721765,1
2024-04-20 00:00:00,51.435,8.0,3.0,935030599.6882389,1
2024-04-20 06:00:00,51.435,8.0,3.0,944578180.4671005,1
2024-04-20 12:00:00,51.435,8.0,3.0,939755606.0274404,1
2024-04-20 18:00:00,51.435,8.0,3.0,931240869.4090652,1
2024-04-21 00:00:00,51.435,8.0,3.0,938616197.6882497,1
2024-04-21 06:00:00,51.435,8.0,3.0,948197083.204723,1
2024-04-21 12:00:00,51.435,8.0,3.0,943275608.3885925,1
2024-04-21 18:00:00,51.435,8.0,3.0,933656456.171612,1
2024-04-22 00:00:00,51.435,8.0,3.0,917512727.7996125,1
2024-04-22 06:00:00,51.435,8.0,3.0,922404157.5471545,1
2024-04-22 12:00:00,51.435,8.0,3.0,925586101.4180379,1
2024-04-22 18:00:00,51.435,8.0,3.0,917499367.8026661,1
2024-04-23 00:00:00,51.435,8.0,3.0,924378211.9619963,1
2024-04-23 06:00:00,51.435,8.0,3.0,931451761.5359329,1
2024-04-23 12:00:00,51.435,8.0,3.0,932873102.8350787,1
2024-04-23 18:00:00,51.435,8.0,3.0,921501881.7802273,1
2024-04-24 00:00:00,51.435,8.0,3.0,928288942.4833871,1
2024-04-24 06:00:00,51.435,8.0,3.0,940930756.4809936,1
2024-04-24 12:00:00,51.435,8.0,3.0,932874055.5172567,1
2024-04-24 18:00:00,51.435,8.0,3.0,923862853.0276117,1
2024-04-25 00:00:00,51.435,8.0,3.0,931184278.2179384,1
2024-04-25 06:00:00,51.435,8.0,3.0,941180772.8299772,1
2024-04-25 12:00:00,51.435,8.0,3.0,936719523.0540733,1
2024-04-25 18:00:00,51.435,8.0,3.0,927401752.692724,1
2024-04-26 00:00:00,51.435,8.0,3.0,935353771.3145703,1
2024-04-26 06:00:00,51.435,8.0,3.0,944628473.4846377,1
2024-04-26 12:00:00,51.435,8.0,3.0,939707369.6442655,1
2024-04-26 18:00:00,51.435,8.0,3.0,931336350.3090955,1
2024-04-27 00:00:00,51.435,8.0,3.0,939372078.7968209,1
2024-04-27 06:00:00,51.435,8.0,3.0,948130633.4008946,1
2024-04-27 12:00:00,51.435,8.0,3.0,943449601.5555081,1
2024-04-27 18:00:00,51.435,8.0,3.0,934130789.2073914,1
2024-04-28 00:00:00,51.435,8.0,3.0,942523634.2773502,1
2024-04-28 06:00:00,51.435,8.0,3.0,951671483.557338,1
2024-04-28 12:00:00,51.435,8.0,3.0,946892987.6529448,1
2024-04-28 18:00:00,51.435,8.0,3.0,937315825.4510261,1
2024-04-29 00:00:00,51.435,8.0,3.0,920109582.0771215,1
2024-04-29 06:00:00,51.435,8.0,3.0,926171623.1073359,1
2024-04-29 12:00:00,51.435,8.0,3.0,929381027.8841574,1
2024-04-29 18:00:00,51.435,8.0,3.0,920603233.3969897,1
2024-04-30 00:00:00,51.435,8.0,3.0,927670975.1471167,1
2024-04-30 06:00:00,51.435,8.0,3.0,935440035.529387,1
2024-04-30 12:00:00,51.435,8.0,3.0,936735018.1571984,1
2024-04-30 18:00:00,51.435,8.0,3.0,924619191.4706808,1
2024-05-01 00:00:00,51.435,8.0,3.0,914360799.7783432,1
2024-05-01 06:00:00,51.435,8.0,3.0,925726947.9287455,1
2024-05-01 12:00:00,51.435,8.0,3.0,922760440.8028015,1
2024-05-01 18:00:00,51.435,8.0,3.0,913186998.1923382,1
2024-05-02 00:00:00,51.435,8.0,3.0,920307018.9751018,1
2024-05-02 06:00:00,51.435,8.0,3.0,931055588.2080989,1
2024-05-02 12:00:00,51.435,8.0,3.0,929746186.3640057,1
2024-05-02 18:00:00,51.435,8.0,3.0,917084864.9640126,1
2024-05-03 00:00:00,51.435,8.0,3.0,923907896.1952889,1
2024-05-03 06:00:00,51.435,8.0,3.0,936896293.3147707,1
2024-05-03 12:00:00,51.435,8.0,3.0,931627474.5582812,1
2024-05-03 18:00:00,51.435,8.0,3.0,921862672.087296,1
2024-05-04 00:00:00,51.435,8.0,3.0,927310825.5862384,1
2024-05-04 06:00:00,51.435,8.0,3.0,940767441.5908784,1
2024-05-04 12:00:00,51.435,8.0,3.0,933190412.9832073,1
2024-05-04 18:00:00,51.435,8.0,3.0,925504797.4161532,1
2024-05-05 00:00:00,51.435,8.0,3.0,930330374.6592827,1
2024-05-05 06:00:00,51.435,8.0,3.0,941338008.7790934,1
2024-05-05 12:00:00,51.435,8.0,3.0,936766954.372595,1
2024-05-05 18:00:00,51.435,8.0,3.0,928640271.5288742,1
2024-05-06 00:00:00,51.435,8.0,3.0,909716005.0263052,1
2024-05-06 06:00:00,51.435,8.0,3.0,914796419.4777606,1
2024-05-06 12:00:00,51.435,8.0,3.0,917303529.611028,1
2024-05-06 18:00:00,51.435,8.0,3.0,909917959.2882957,1
2024-05-07 00:00:00,51.435,8.0,3.0,917138882.7414799,1
2024-05-07 06:00:00,51.435,8.0,3.0,923298456.82449,1
2024-05-07 12:00:00,51.435,8.0,3.0,926550457.0278386,1
2024-05-07 18:00:00,51.435,8.0,3.0,916365229.0875915,1
2024-05-08 00:00:00,51.435,8.0,3.0,923465044.0078332,1
2024-05-08 06:00:00,51.435,8.0,3.0,933088039.3679558,1
2024-05-08 12:00:00,51.435,8.0,3.0,928223356.7061465,1
2024-05-08 18:00:00,51.435,8.0,3.0,916384173.306539,1
2024-05-09 00:00:00,51.435,8.0,3.0,923752152.3674703,1
2024-05-09 06:00:00,51.435,8.0,3.0,936769094.5347168,1
2024-05-09 12:00:00,51.435,8.0,3.0,929120244.0628624,1
2024-05-09 18:00:00,51.435,8.0,3.0,919353805.2270502,1
2024-05-10 00:00:00,51.435,8.0,3.0,927301831.6764473,1
2024-05-10 06:00:00,51.435,8.0,3.0,940911560.3105986,1
2024-05-10 12:00:00,51.435,8.0,3.0,932720734.7121457,1
2024-05-10 18:00:00,51.435,8.0,3.0,923052758.5897006,1
2024-05-11 00:00:00,51.435,8.0,3.0,930868896.0966561,1
2024-05-11 06:00:00,51.435,8.0,3.0,943541486.4906523,1
2024-05-11 12:00:00,51.435,8.0,3.0,935940288.4561212,1
2024-05-11 18:00:00,51.435,8.0,3.0,926428065.8488901,1
2024-05-12 00:00:00,51.435,8.0,3.0,933592160.3229228,1
2024-05-12 06:00:00,51.435,8.0,3.0,945004073.1485878,1
2024-05-12 12:00:00,51.435,8.0,3.0,939443547.8320905,1
2024-05-12 18:00:00,51.435,8.0,3.0,932169555.9299502,1
2024-05-13 00:00:00,51.435,8.0,3.0,913454840.1069065,1
2024-05-13 06:00:00,51.435,8.0,3.0,917553757.9938071,1
2024-05-13 12:00:00,51.435,8.0,3.0,921004321.2347744,1
2024-05-13 18:00:00,51.435,8.0,3.0,913503755.3617635,1
2024-05-14 00:00:00,51.435,8.0,3.0,920842846.883397,1
2024-05-14 06:00:00,51.435,8.0,3.0,927049880.0833573,1
2024-05-14 12:00:00,51.435,8.0,3.0,929768084.6354232,1
2024-05-14 18:00:00,51.435,8.0,3.0,919912107.4845622,1
2024-05-15 00:00:00,51.435,8.0,3.0,926772618.5241505,1
2024-05-15 06:00:00,51.435,8.0,3.0,936827627.3320084,1
2024-05-15 12:00:00,51.435,8.0,3.0,931214233.0315454,1
2024-05-15 18:00:00,51.435,8.0,3.0,919771558.3248572,1
2024-05-16 00:00:00,51.435,8.0,3.0,926990122.7594786,1
2024-05-16 06:00:00,51.435,8.0,3.0,940375662.7926391,1
2024-05-16 12:00:00,51.435,8.0,3.0,932723447.0945721,1
2024-05-16 18:00:00,51.435,8.0,3.0,923073232.9683828,1
2024-05-17 00:00:00,51.435,8.0,3.0,930825754.8030826,1
2024-05-17 06:00:00,51.435,8.0,3.0,943134593.534932,1
2024-05-17 12:00:00,51.435,8.0,3.0,935831362.1492879,1
2024-05-17 18:00:00,51.435,8.0,3.0,926545168.8076584,1
2024-05-18 00:00:00,51.435,8.0,3.0,934364060.1437018,1
2024-05-18 06:00:00,51.435,8.0,3.0,944727338.3007729,1
2024-05-18 12:00:00,51.435,8.0,3.0,939253379.0009675,1
2024-05-18 18:00:00,51.435,8.0,3.0,930633420.9284298,1
2024-05-19 00:00:00,51.435,8.0,3.0,937975587.6993619,1
2024-05-19 06:00:00,51.435,8.0,3.0,947901628.9773359,1
2024-05-19 12:00:00,51.435,8.0,3.0,942762779.4513204,1
2024-05-19 18:00:00,51.435,8.0,3.0,933574562.5855436,1
2024-05-20 00:00:00,51.435,8.0,3.0,917199713.2636995,1
2024-05-20 06:00:00,51.435,8.0,3.0,921956561.2789956,1
2024-05-20 12:00:00,51.435,8.0,3.0,925061337.8782812,1
2024-05-20 18:00:00,51.435,8.0,3.0,917119190.7301672,1
2024-05-21 00:00:00,51.435,8.0,3.0,923814443.4146814,1
2024-05-21 06:00:00,51.435,8.0,3.0,930921310.8439999,1
2024-05-21 12:00:00,51.435,8.0,3.0,932475884.226257,1
2024-05-21 18:00:00,51.435,8.0,3.0,921188995.5430897,1
2024-05-22 00:00:00,51.435,8.0,3.0,927872283.1503725,1
2024-05-22 06:00:00,51.435,8.0,3.0,940657479.5173831,1
2024-05-22 12:00:00,51.435,8.0,3.0,932778601.4661447,1
2024-05-22 18:00:00,51.435,8.0,3.0,923337298.3827507,1
2024-05-23 00:00:00,51.435,8.0,3.0,930734108.0904573,1
2024-05-23 06:00:00,51.435,8.0,3.0,941345462.2418182,1
2024-05-23 12:00:00,51.435,8.0,3.0,936358040.5633273,1
2024-05-23 18:00:00,51.435,8.0,3.0,926850926.4287708,1
2024-05-24 00:00:00,51.435,8.0,3.0,934718717.1853257,1
2024-05-24 06:00:00,51.435,8.0,3.0,944633520.6450115,1
2024-05-24 12:00:00,51.435,8.0,3.0,939156223.5815438,1
2024-05-24 18:00:00,51.435,8.0,3.0,930719211.7309475,1
2024-05-25 00:00:00,51.435,8.0,3.0,938648107.2244254,1
2024-05-25 06:00:00,51.435,8.0,3.0,947542467.0392423,1
2024-05-25 12:00:00,51.435,8.0,3.0,942745638.6008775,1
2024-05-25 18:00:00,51.435,8.0,3.0,933618666.9339217,1
2024-05-26 00:00:00,51.435,8.0,3.0,941884248.3692536,1
2024-05-26 06:00:00,51.435,8.0,3.0,950997058.6248524,1
2024-05-26 12:00:00,51.435,8.0,3.0,946189727.2203224,1
2024-05-26 18:00:00,51.435,8.0,3.0,936890999.2600546,1
2024-05-27 00:00:00,51.435,8.0,3.0,920338578.439488,1
2024-05-27 06:00:00,51.435,8.0,3.0,925449146.9158251,1
2024-05-27 12:00:00,51.435,8.0,3.0,928564574.6518376,1
2024-05-27 18:00:00,51.435,8.0,3.0,920004630.9952404,1
2024-05-28 00:00:00,51.435,8.0,3.0,927163010.0965204,1
2024-05-28 06:00:00,51.435,8.0,3.0,934648086.8441817,1
2024-05-28 12:00:00,51.435,8.0,3.0,936062174.7839671,1
2024-05-28 18:00:00,51.435,8.0,3.0,924127830.8224554,1
2024-05-29 00:00:00,51.435,8.0,3.0,930984926.7012835,1
2024-05-29 06:00:00,51.435,8.0,3.0,943230326.9011445,1
2024-05-29 12:00:00,51.435,8.0,3.0,935979801.0105983,1
2024-05-29 18:00:00,51.435,8.0,3.0,926842741.5633223,1
2024-05-30 00:00:00,51.435,8.0,3.0,934242641.3243213,1
2024-05-30 06:00:00,51.435,8.0,3.0,944517657.5846637,1
2024-05-30 12:00:00,51.435,8.0,3.0,939325106.97633,1
2024-05-30 18:00:00,51.435,8.0,3.0,930604333.2276319,1
2024-05-31 00:00:00,51.435,8.0,3.0,938629862.7200962,1
2024-05-31 06:00:00,51.435,8.0,3.0,947614288.6983917,1
2024-05-31 12:00:00,51.435,8.0,3.0,942757925.124048,1
2024-05-31 18:00:00,51.435,8.0,3.0,933780752.7483292,1
2024-06-01 00:00:00,51.435,8.0,3.0,924682278.42166,1
2024-06-01 06:00:00,51.435,8.0,3.0,931209113.9895986,1
2024-06-01 12:00:00,51.435,8.0,3.0,931919871.6589007,1
2024-06-01 18:00:00,51.435,8.0,3.0,924939091.493324,1
2024-06-02 00:00:00,51.435,8.0,3.0,929709881.6617117,1
2024-06-02 06:00:00,51.435,8.0,3.0,938363825.9639268,1
2024-06-02 12:00:00,51.435,8.0,3.0,936087611.1386213,1
2024-06-02 18:00:00,51.435,8.0,3.0,929120461.2847682,1
2024-06-03 00:00:00,51.435,8.0,3.0,909075266.8953965,1
2024-06-03 06:00:00,51.435,8.0,3.0,913695815.3622396,1
2024-06-03 12:00:00,51.435,8.0,3.0,916099731.1354932,1
2024-06-03 18:00:00,51.435,8.0,3.0,909014235.932269,1
2024-06-04 00:00:00,51.435,8.0,3.0,915998477.7179654,1
2024-06-04 06:00:00,51.435,8.0,3.0,924877633.5328263,1
2024-06-04 12:00:00,51.435,8.0,3.0,924816734.8753982,1
2024-06-04 18:00:00,51.435,8.0,3.0,915038009.2943642,1
2024-06-05 00:00:00,51.435,8.0,3.0,922255246.9964519,1
2024-06-05 06:00:00,51.435,8.0,3.0,932262220.3365223,1
2024-06-05 12:00:00,51.435,8.0,3.0,928033392.4327707,1
2024-06-05 18:00:00,51.435,8.0,3.0,915561613.2288542,1
2024-06-06 00:00:00,51.435,8.0,3.0,922590208.951823,1
2024-06-06 06:00:00,51.435,8.0,3.0,935735376.0263648,1
2024-06-06 12:00:00,51.435,8.0,3.0,929221972.2381886,1
2024-06-06 18:00:00,51.435,8.0,3.0,918522367.5145288,1
2024-06-07 00:00:00,51.435,8.0,3.0,926054490.0264702,1
2024-06-07 06:00:00,51.435,8.0,3.0,939518146.2831535,1
2024-06-07 12:00:00,51.435,8.0,3.0,931752728.6797812,1
2024-06-07 18:00:00,51.435,8.0,3.0,921991514.7229793,1
2024-06-08 00:00:00,51.435,8.0,3.0,929180091.1690677,1
2024-06-08 06:00:00,51.435,8.0,3.0,943363251.8744309,1
2024-06-08 12:00:00,51.435,8.0,3.0,935137079.2464597,1
2024-06-08 18:00:00,51.435,8.0,3.0,925566437.3389317,1
2024-06-09 00:00:00,51.435,8.0,3.0,932302385.6785301,1
2024-06-09 06:00:00,51.435,8.0,3.0,943771164.7592065,1
2024-06-09 12:00:00,51.435,8.0,3.0,938900477.3743138,1
2024-06-09 18:00:00,51.435,8.0,3.0,931049248.7583113,1
2024-06-10 00:00:00,51.435,8.0,3.0,912263368.1790277,1
2024-06-10 06:00:00,51.435,8.0,3.0,916522645.3755399,1
2024-06-10 12:00:00,51.435,8.0,3.0,919857633.1459005,1
2024-06-10 18:00:00,51.435,8.0,3.0,912440014.0907288,1
2024-06-11 00:00:00,51.435,8.0,3.0,919697493.9564456,1
2024-06-11 06:00:00,51.435,8.0,3.0,925926249.215891,1
2024-06-11 12:00:00,51.435,8.0,3.0,928723603.566854,1
2024-06-11 18:00:00,51.435,8.0,3.0,919049308.0772065,1
2024-06-12 00:00:00,51.435,8.0,3.0,925897312.556309,1
2024-06-12 06:00:00,51.435,8.0,3.0,935722128.0505481,1
2024-06-12 12:00:00,51.435,8.0,3.0,930501967.7210681,1
2024-06-12 18:00:00,51.435,8.0,3.0,918661904.0561393,1
2024-06-13 00:00:00,51.435,8.0,3.0,926007001.7116513,1
2024-06-13 06:00:00,51.435,8.0,3.0,939323933.8227375,1
2024-06-13 12:00:00,51.435,8.0,3.0,931622723.2556472,1
2024-06-13 18:00:00,51.435,8.0,3.0,921942931.6179758,1
2024-06-14 00:00:00,51.435,8.0,3.0,929837243.6761172,1
2024-06-14 06:00:00,51.435,8.0,3.0,943323279.7129656,1
2024-06-14 12:00:00,51.435,8.0,3.0,935027279.5028881,1
2024-06-14 18:00:00,51.435,8.0,3.0,925588922.6117597,1
2024-06-15 00:00:00,51.435,8.0,3.0,933149152.2347146,1
2024-06-15 06:00:00,51.435,8.0,3.0,943737763.8824462,1
2024-06-15 12:00:00,51.435,8.0,3.0,938904513.9397256,1
2024-06-15 18:00:00,51.435,8.0,3.0,929489475.923973,1
2024-06-16 00:00:00,51.435,8.0,3.0,936697605.4092605,1
2024-06-16 06:00:00,51.435,8.0,3.0,946734831.8570263,1
2024-06-16 12:00:00,51.435,8.0,3.0,941953579.6425693,1
2024-06-16 18:00:00,51.435,8.0,3.0,933122308.8646572,1
2024-06-17 00:00:00,51.435,8.0,3.0,916067037.2820574,1
2024-06-17 06:00:00,51.435,8.0,3.0,920296990.260874,1
2024-06-17 12:00:00,51.435,8.0,3.0,923768646.6570466,1
2024-06-17 18:00:00,51.435,8.0,3.0,916096879.6386073,1
2024-06-18 00:00:00,51.435,8.0,3.0,922600123.3959754,1
2024-06-18 06:00:00,51.435,8.0,3.0,930034342.4195063,1
2024-06-18 12:00:00,51.435,8.0,3.0,932140257.9273438,1
2024-06-18 18:00:00,51.435,8.0,3.0,922346602.7003955,1
2024-06-19 00:00:00,51.435,8.0,3.0,926926825.2133572,1
2024-06-19 06:00:00,51.435,8.0,3.0,939360377.9129764,1
2024-06-19 12:00:00,51.435,8.0,3.0,931964857.0686522,1
2024-06-19 18:00:00,51.435,8.0,3.0,922317931.1147673,1
2024-06-20 00:00:00,51.435,8.0,3.0,929999009.7278683,1
2024-06-20 06:00:00,51.435,8.0,3.0,940705812.0538003,1
2024-06-20 12:00:00,51.435,8.0,3.0,935572354.0261265,1
2024-06-20 18:00:00,51.435,8.0,3.0,926001713.4917772,1
2024-06-21 00:00:00,51.435,8.0,3.0,933491955.6829538,1
2024-06-21 06:00:00,51.435,8.0,3.0,943620297.5709577,1
2024-06-21 12:00:00,51.435,8.0,3.0,938895855.4383781,1
2024-06-21 18:00:00,51.435,8.0,3.0,929595259.0889447,1
2024-06-22 00:00:00,51.435,8.0,3.0,937418838.9316845,1
2024-06-22 06:00:00,51.435,8.0,3.0,946468546.2260727,1
2024-06-22 12:00:00,51.435,8.0,3.0,941902127.498548,1
2024-06-22 18:00:00,51.435,8.0,3.0,933390669.4263757,1
2024-06-23 00:00:00,51.435,8.0,3.0,940764122.9973646,1
2024-06-23 06:00:00,51.435,8.0,3.0,950324774.8566583,1
2024-06-23 12:00:00,51.435,8.0,3.0,945414367.9800496,1
2024-06-23 18:00:00,51.435,8.0,3.0,935714541.0905509,1
2024-06-24 00:00:00,51.435,8.0,3.0,919641064.823193,1
2024-06-24 06:00:00,51.435,8.0,3.0,924291888.0926807,1
2024-06-24 12:00:00,51.435,8.0,3.0,927392376.3595963,1
2024-06-24 18:00:00,51.435,8.0,3.0,918790201.8699383,1
2024-06-25 00:00:00,51.435,8.0,3.0,926185884.3427751,1
2024-06-25 06:00:00,51.435,8.0,3.0,933510478.4132049,1
2024-06-25 12:00:00,51.435,8.0,3.0,934977726.5517263,1
2024-06-25 18:00:00,51.435,8.0,3.0,923445337.3645256,1
2024-06-26 00:00:00,51.435,8.0,3.0,930192639.0388222,1
2024-06-26 06:00:00,51.435,8.0,3.0,942076508.2516307,1
2024-06-26 12:00:00,51.435,8.0,3.0,935015850.5085087,1
2024-06-26 18:00:00,51.435,8.0,3.0,926092970.8142536,1
2024-06-27 00:00:00,51.435,8.0,3.0,933450771.8841152,1
2024-06-27 06:00:00,51.435,8.0,3.0,943419683.0276529,1
2024-06-27 12:00:00,51.435,8.0,3.0,938738343.3897407,1
2024-06-27 18:00:00,51.435,8.0,3.0,929517335.9440688,1
2024-06-28 00:00:00,51.435,8.0,3.0,937383589.6705133,1
2024-06-28 06:00:00,51.435,8.0,3.0,946663195.4447486,1
2024-06-28 12:00:00,51.435,8.0,3.0,941815055.2858183,1
2024-06-28 18:00:00,51.435,8.0,3.0,933469240.3852171,1
2024-06-29 00:00:00,51.435,8.0,3.0,941452001.9721779,1
2024-06-29 06:00:00,51.435,8.0,3.0,950091430.2970089,1
2024-06-29 12:00:00,51.435,8.0,3.0,945381192.3994795,1
2024-06-29 18:00:00,51.435,8.0,3.0,935765475.2490627,1
2024-06-30 00:00:00,51.435,8.0,3.0,944355761.1481858,1
2024-06-30 06:00:00,51.435,8.0,3.0,953168427.7355539,1
2024-06-30 12:00:00,51.435,8.0,3.0,948523708.5268109,1
2024-06-30 18:00:00,51.435,8.0,3.0,939269875.97584,1
2024-07-01 00:00:00,51.435,8.0,3.0,904588311.522323,1
2024-07-01 06:00:00,51.435,8.0,3.0,908422139.4188564,1
2024-07-01 12:00:00,51.435,8.0,3.0,912293311.8128858,1
2024-07-01 18:00:00,51.435,8.0,3.0,906363563.4649832,1
2024-07-02 00:00:00,51.435,8.0,3.0,913739216.2457185,1
2024-07-02 06:00:00,51.435,8.0,3.0,922638306.5882187,1
2024-07-02 12:00:00,51.435,8.0,3.0,924683720.3960556,1
2024-07-02 18:00:00,51.435,8.0,3.0,915280346.5492692,1
2024-07-03 00:00:00,51.435,8.0,3.0,921934142.2552979,1
2024-07-03 06:00:00,51.435,8.0,3.0,931555327.1175432,1
2024-07-03 12:00:00,51.435,8.0,3.0,927401330.0471323,1
2024-07-03 18:00:00,51.435,8.0,3.0,915020155.4323938,1
2024-07-04 00:00:00,51.435,8.0,3.0,922111319.284313,1
2024-07-04 06:00:00,51.435,8.0,3.0,935017399.0912099,1
2024-07-04 12:00:00,51.435,8.0,3.0,928962381.941971,1
2024-07-04 18:00:00,51.435,8.0,3.0,918245691.2405162,1
2024-07-05 00:00:00,51.435,8.0,3.0,925674130.590708,1
2024-07-05 06:00:00,51.435,8.0,3.0,938785290.667436,1
2024-07-05 12:00:00,51.435,8.0,3.0,931065975.598805,1
2024-07-05 18:00:00,51.435,8.0,3.0,923364325.4234577,1
2024-07-06 00:00:00,51.435,8.0,3.0,929312215.6272672,1
2024-07-06 06:00:00,51.435,8.0,3.0,941881419.8259805,1
2024-07-06 12:00:00,51.435,8.0,3.0,934864591.338013,1
2024-07-06 18:00:00,51.435,8.0,3.0,927388470.0351644,1
2024-07-07 00:00:00,51.435,8.0,3.0,932368832.5973325,1
2024-07-07 06:00:00,51.435,8.0,3.0,943252892.2557781,1
2024-07-07 12:00:00,51.435,8.0,3.0,938335326.8351232,1
2024-07-07 18:00:00,51.435,8.0,3.0,930397776.8663558,1
2024-07-08 00:00:00,51.435,8.0,3.0,911522157.617425,1
2024-07-08 06:00:00,51.435,8.0,3.0,916236198.8607996,1
2024-07-08 12:00:00,51.435,8.0,3.0,919123883.1310089,1
2024-07-08 18:00:00,51.435,8.0,3.0,911718198.3648571,1
2024-07-09 00:00:00,51.435,8.0,3.0,918960935.5113298,1
2024-07-09 06:00:00,51.435,8.0,3.0,925201014.098526,1
2024-07-09 12:00:00,51.435,8.0,3.0,928011589.9857575,1
2024-07-09 18:00:00,51.435,8.0,3.0,918240859.2609818,1
2024-07-10 00:00:00,51.435,8.0,3.0,925348755.0908661,1
2024-07-10 06:00:00,51.435,8.0,3.0,934977255.0465161,1
2024-07-10 12:00:00,51.435,8.0,3.0,929970466.1646013,1
2024-07-10 18:00:00,51.435,8.0,3.0,918215521.3456273,1
2024-07-11 00:00:00,51.435,8.0,3.0,925315608.3375049,1
2024-07-11 06:00:00,51.435,8.0,3.0,938580080.7590454,1
2024-07-11 12:00:00,51.435,8.0,3.0,930911181.9328831,1
2024-07-11 18:00:00,51.435,8.0,3.0,921177619.0749117,1
2024-07-12 00:00:00,51.435,8.0,3.0,929121742.5719136,1
2024-07-12 06:00:00,51.435,8.0,3.0,942680415.1077468,1
2024-07-12 12:00:00,51.435,8.0,3.0,934557903.1093665,1
2024-07-12 18:00:00,51.435,8.0,3.0,924972425.459329,1
2024-07-13 00:00:00,51.435,8.0,3.0,932564520.815714,1
2024-07-13 06:00:00,51.435,8.0,3.0,943484238.3533492,1
2024-07-13 12:00:00,51.435,8.0,3.0,938088654.1640434,1
2024-07-13 18:00:00,51.435,8.0,3.0,928682160.9187795,1
2024-07-14 00:00:00,51.435,8.0,3.0,935859254.1935365,1
2024-07-14 06:00:00,51.435,8.0,3.0,946625596.8579265,1
2024-07-14 12:00:00,51.435,8.0,3.0,941135578.5600238,1
2024-07-14 18:00:00,51.435,8.0,3.0,932564593.1413484,1
2024-07-15 00:00:00,51.435,8.0,3.0,915161062.5625615,1
2024-07-15 06:00:00,51.435,8.0,3.0,919418966.3681827,1
2024-07-15 12:00:00,51.435,8.0,3.0,922954632.1792704,1
2024-07-15 18:00:00,51.435,8.0,3.0,915423595.9619901,1
2024-07-16 00:00:00,51.435,8.0,3.0,921923630.2993897,1
2024-07-16 06:00:00,51.435,8.0,3.0,929454916.9186755,1
2024-07-16 12:00:00,51.435,8.0,3.0,931558543.7685411,1
2024-07-16 18:00:00,51.435,8.0,3.0,921730632.4579712,1
2024-07-17 00:00:00,51.435,8.0,3.0,926316437.5388058,1
2024-07-17 06:00:00,51.435,8.0,3.0,938564334.5253978,1
2024-07-17 12:00:00,51.435,8.0,3.0,931114958.4367688,1
2024-07-17 18:00:00,51.435,8.0,3.0,921572377.8862913,1
2024-07-18 00:00:00,51.435,8.0,3.0,929264126.2242379,1
2024-07-18 06:00:00,51.435,8.0,3.0,940015218.6876031,1
2024-07-18 12:00:00,51.435,8.0,3.0,934934362.5490204,1
2024-07-18 18:00:00,51.435,8.0,3.0,925439112.9429739,1
2024-07-19 00:00:00,51.435,8.0,3.0,933011506.8522923,1
2024-07-19 06:00:00,51.435,8.0,3.0,942779506.722749,1
2024-07-19 12:00:00,51.435,8.0,3.0,938091349.9842546,1
2024-07-19 18:00:00,51.435,8.0,3.0,928891157.9598618,1
2024-07-20 00:00:00,51.435,8.0,3.0,936733255.578195,1
2024-07-20 06:00:00,51.435,8.0,3.0,946313096.2431669,1
2024-07-20 12:00:00,51.435,8.0,3.0,941118530.4357427,1
2024-07-20 18:00:00,51.435,8.0,3.0,932757002.1668295,1
2024-07-21 00:00:00,51.435,8.0,3.0,940000612.2820594,1
2024-07-21 06:00:00,51.435,8.0,3.0,949647438.775281,1
2024-07-21 12:00:00,51.435,8.0,3.0,944712430.4579737,1
2024-07-21 18:00:00,51.435,8.0,3.0,935365932.9735321,1
2024-07-22 00:00:00,51.435,8.0,3.0,919089799.1643617,1
2024-07-22 06:00:00,51.435,8.0,3.0,923903865.8829336,1
2024-07-22 12:00:00,51.435,8.0,3.0,926768052.9555774,1
2024-07-22 18:00:00,51.435,8.0,3.0,918110869.5170505,1
2024-07-23 00:00:00,51.435,8.0,3.0,925500632.7338766,1
2024-07-23 06:00:00,51.435,8.0,3.0,932782447.2769389,1
2024-07-23 12:00:00,51.435,8.0,3.0,934338106.2967367,1
2024-07-23 18:00:00,51.435,8.0,3.0,922884169.091892,1
2024-07-24 00:00:00,51.435,8.0,3.0,929695881.0365222,1
2024-07-24 06:00:00,51.435,8.0,3.0,941559190.878131,1
2024-07-24 12:00:00,51.435,8.0,3.0,934862022.3644538,1
2024-07-24 18:00:00,51.435,8.0,3.0,925488970.1012529,1
2024-07-25 00:00:00,51.435,8.0,3.0,932719001.667206,1
2024-07-25 06:00:00,51.435,8.0,3.0,942802411.8930514,1
2024-07-25 12:00:00,51.435,8.0,3.0,938339824.9210144,1
2024-07-25 18:00:00,51.435,8.0,3.0,928899117.1984719,1
2024-07-26 00:00:00,51.435,8.0,3.0,936691178.3589853,1
2024-07-26 06:00:00,51.435,8.0,3.0,946498081.1080208,1
2024-07-26 12:00:00,51.435,8.0,3.0,941069803.0833725,1
2024-07-26 18:00:00,51.435,8.0,3.0,932651134.3263472,1
2024-07-27 00:00:00,51.435,8.0,3.0,940568350.7549206,1
2024-07-27 06:00:00,51.435,8.0,3.0,949395529.8553888,1
2024-07-27 12:00:00,51.435,8.0,3.0,944635806.5532594,1
2024-07-27 18:00:00,51.435,8.0,3.0,935513238.572812,1
2024-07-28 00:00:00,51.435,8.0,3.0,943759149.1836059,1
2024-07-28 06:00:00,51.435,8.0,3.0,952775995.1881994,1
2024-07-28 12:00:00,51.435,8.0,3.0,948066637.9455795,1
2024-07-28 18:00:00,51.435,8.0,3.0,938442099.3331728,1
2024-07-29 00:00:00,51.435,8.0,3.0,921276798.3671227,1
2024-07-29 06:00:00,51.435,8.0,3.0,927279210.075202,1
2024-07-29 12:00:00,51.435,8.0,3.0,930569209.9500712,1
2024-07-29 18:00:00,51.435,8.0,3.0,921804573.8328595,1
2024-07-30 00:00:00,51.435,8.0,3.0,928830767.8042048,1
2024-07-30 06:00:00,51.435,8.0,3.0,936540867.5658574,1
2024-07-30 12:00:00,51.435,8.0,3.0,936076871.2278733,1
2024-07-30 18:00:00,51.435,8.0,3.0,926320325.0260459,1
2024-07-31 00:00:00,51.435,8.0,3.0,933368053.035617,1
2024-07-31 06:00:00,51.435,8.0,3.0,942790327.8054868,1
2024-07-31 12:00:00,51.435,8.0,3.0,938048146.521719,1
2024-07-31 18:00:00,51.435,8.0,3.0,929104490.9417329,1
2024-08-01 00:00:00,51.435,8.0,3.0,918644242.5096016,1
2024-08-01 06:00:00,51.435,8.0,3.0,927776214.8054276,1
2024-08-01 12:00:00,51.435,8.0,3.0,927069607.2409989,1
2024-08-01 18:00:00,51.435,8.0,3.0,917310511.8891952,1
2024-08-02 00:00:00,51.435,8.0,3.0,924707480.8702197,1
2024-08-02 06:00:00,51.435,8.0,3.0,935208550.4652448,1
2024-08-02 12:00:00,51.435,8.0,3.0,933197855.4392045,1
2024-08-02 18:00:00,51.435,8.0,3.0,923238024.7745733,1
2024-08-03 00:00:00,51.435,8.0,3.0,928358091.5245249,1
2024-08-03 06:00:00,51.435,8.0,3.0,938778580.596657,1
2024-08-03 12:00:00,51.435,8.0,3.0,934238312.4610149,1
2024-08-03 18:00:00,51.435,8.0,3.0,926696743.6829437,1
2024-08-04 00:00:00,51.435,8.0,3.0,931403494.7479775,1
2024-08-04 06:00:00,51.435,8.0,3.0,940170265.0305958,1
2024-08-04 12:00:00,51.435,8.0,3.0,937614480.3164937,1
2024-08-04 18:00:00,51.435,8.0,3.0,929614767.575775,1
2024-08-05 00:00:00,51.435,8.0,3.0,910673733.938549,1
2024-08-05 06:00:00,51.435,8.0,3.0,915471430.398738,1
2024-08-05 12:00:00,51.435,8.0,3.0,917918614.9183667,1
2024-08-05 18:00:00,51.435,8.0,3.0,910678120.4871566,1
2024-08-06 00:00:00,51.435,8.0,3.0,917708060.779561,1
2024-08-06 06:00:00,51.435,8.0,3.0,923873824.5954016,1
2024-08-06 12:00:00,51.435,8.0,3.0,926831176.3485878,1
2024-08-06 18:00:00,51.435,8.0,3.0,917063525.9483327,1
2024-08-07 00:00:00,51.435,8.0,3.0,924196820.6577884,1
2024-08-07 06:00:00,51.435,8.0,3.0,933777572.8709717,1
2024-08-07 12:00:00,51.435,8.0,3.0,928864424.8528833,1
2024-08-07 18:00:00,51.435,8.0,3.0,917092405.1987427,1
2024-08-08 00:00:00,51.435,8.0,3.0,924573498.6706682,1
2024-08-08 06:00:00,51.435,8.0,3.0,937382048.6937397,1
2024-08-08 12:00:00,51.435,8.0,3.0,929857202.1274617,1
2024-08-08 18:00:00,51.435,8.0,3.0,919969526.993904,1
2024-08-09 00:00:00,51.435,8.0,3.0,928166363.5240852,1
2024-08-09 06:00:00,51.435,8.0,3.0,941518058.8132074,1
2024-08-09 12:00:00,51.435,8.0,3.0,933405970.143041,1
2024-08-09 18:00:00,51.435,8.0,3.0,923667670.1897382,1
2024-08-10 00:00:00,51.435,8.0,3.0,931302144.1204698,1
2024-08-10 06:00:00,51.435,8.0,3.0,944286254.5132623,1
2024-08-10 12:00:00,51.435,8.0,3.0,936791803.7292277,1
2024-08-10 18:00:00,51.435,8.0,3.0,927339584.5681617,1
2024-08-11 00:00:00,51.435,8.0,3.0,934180790.3483332,1
2024-08-11 06:00:00,51.435,8.0,3.0,945576108.1946124,1
2024-08-11 12:00:00,51.435,8.0,3.0,940112274.3108648,1
2024-08-11 18:00:00,51.435,8.0,3.0,932710983.8837992,1
2024-08-12 00:00:00,51.435,8.0,3.0,913948741.7165066,1
2024-08-12 06:00:00,51.435,8.0,3.0,918232296.0726168,1
2024-08-12 12:00:00,51.435,8.0,3.0,921563835.3255706,1
2024-08-12 18:00:00,51.435,8.0,3.0,914178384.3049645,1
2024-08-13 00:00:00,51.435,8.0,3.0,921444927.8472352,1
2024-08-13 06:00:00,51.435,8.0,3.0,927755302.0246478,1
2024-08-13 12:00:00,51.435,8.0,3.0,930388210.3254788,1
2024-08-13 18:00:00,51.435,8.0,3.0,920665758.424795,1
2024-08-14 00:00:00,51.435,8.0,3.0,924973471.9098408,1
2024-08-14 06:00:00,51.435,8.0,3.0,937432387.8807765,1
2024-08-14 12:00:00,51.435,8.0,3.0,929724745.2037957,1
2024-08-14 18:00:00,51.435,8.0,3.0,920278300.5523232,1
2024-08-15 00:00:00,51.435,8.0,3.0,928149781.9083674,1
2024-08-15 06:00:00,51.435,8.0,3.0,941269373.9252155,1
2024-08-15 12:00:00,51.435,8.0,3.0,933330639.1208212,1
2024-08-15 18:00:00,51.435,8.0,3.0,923594151.0508552,1
2024-08-16 00:00:00,51.435,8.0,3.0,931241688.6582283,1
2024-08-16 06:00:00,51.435,8.0,3.0,943858629.8330584,1
2024-08-16 12:00:00,51.435,8.0,3.0,936670238.8400385,1
2024-08-16 18:00:00,51.435,8.0,3.0,927391056.564125,1
2024-08-17 00:00:00,51.435,8.0,3.0,934929257.6019984,1
2024-08-17 06:00:00,51.435,8.0,3.0,945488776.9006617,1
2024-08-17 12:00:00,51.435,8.0,3.0,940050578.6093497,1
2024-08-17 18:00:00,51.435,8.0,3.0,931126721.8654094,1
2024-08-18 00:00:00,51.435,8.0,3.0,938403185.6536365,1
2024-08-18 06:00:00,51.435,8.0,3.0,948448443.4860107,1
2024-08-18 12:00:00,51.435,8.0,3.0,943256732.0269295,1
2024-08-18 18:00:00,51.435,8.0,3.0,934143359.130883,1
2024-08-19 00:00:00,51.435,8.0,3.0,917667006.4666125,1
2024-08-19 06:00:00,51.435,8.0,3.0,921978020.672299,1
2024-08-19 12:00:00,51.435,8.0,3.0,925516580.0472965,1
2024-08-19 18:00:00,51.435,8.0,3.0,917636464.1895597,1
2024-08-20 00:00:00,51.435,8.0,3.0,924327794.9534378,1
2024-08-20 06:00:00,51.435,8.0,3.0,931407556.8881675,1
2024-08-20 12:00:00,51.435,8.0,3.0,932993550.1056552,1
2024-08-20 18:00:00,51.435,8.0,3.0,921725509.602665,1
2024-08-21 00:00:00,51.435,8.0,3.0,928458249.3655782,1
2024-08-21 06:00:00,51.435,8.0,3.0,941129219.1239367,1
2024-08-21 12:00:00,51.435,8.0,3.0,933322334.4877329,1
2024-08-21 18:00:00,51.435,8.0,3.0,923837466.4454566,1
2024-08-22 00:00:00,51.435,8.0,3.0,931196541.6480944,1
2024-08-22 06:00:00,51.435,8.0,3.0,941496971.6393785,1
2024-08-22 12:00:00,51.435,8.0,3.0,936976014.5542269,1
2024-08-22 18:00:00,51.435,8.0,3.0,927706290.5592787,1
2024-08-23 00:00:00,51.435,8.0,3.0,935262386.2477504,1
2024-08-23 06:00:00,51.435,8.0,3.0,945335881.0642288,1
2024-08-23 12:00:00,51.435,8.0,3.0,939986105.3734529,1
2024-08-23 18:00:00,51.435,8.0,3.0,931233737.6514764,1
2024-08-24 00:00:00,51.435,8.0,3.0,939074398.324851,1
2024-08-24 06:00:00,51.435,8.0,3.0,948094244.280921,1
2024-08-24 12:00:00,51.435,8.0,3.0,943203029.1173521,1
2024-08-24 18:00:00,51.435,8.0,3.0,934173287.2540692,1
2024-08-25 00:00:00,51.435,8.0,3.0,942299431.8445357,1
2024-08-25 06:00:00,51.435,8.0,3.0,951601585.1551785,1
2024-08-25 12:00:00,51.435,8.0,3.0,947017672.0084714,1
2024-08-25 18:00:00,51.435,8.0,3.0,937323898.7072852,1
2024-08-26 00:00:00,51.435,8.0,3.0,920857257.7604351,1
2024-08-26 06:00:00,51.435,8.0,3.0,925868146.6766,1
2024-08-26 12:00:00,51.435,8.0,3.0,929077771.8781282,1
2024-08-26 18:00:00,51.435,8.0,3.0,920422087.1174259,1
2024-08-27 00:00:00,51.435,8.0,3.0,927752539.2128814,1
2024-08-27 06:00:00,51.435,8.0,3.0,935135887.1028937,1
2024-08-27 12:00:00,51.435,8.0,3.0,936700254.5622904,1
2024-08-27 18:00:00,51.435,8.0,3.0,924931291.8280172,1
2024-08-28 00:00:00,51.435,8.0,3.0,931419290.2093515,1
2024-08-28 06:00:00,51.435,8.0,3.0,943641345.590382,1
2024-08-28 12:00:00,51.435,8.0,3.0,936552460.9882967,1
2024-08-28 18:00:00,51.435,8.0,3.0,927609245.8814474,1
2024-08-29 00:00:00,51.435,8.0,3.0,934722465.6421518,1
2024-08-29 06:00:00,51.435,8.0,3.0,944999132.701256,1
2024-08-29 12:00:00,51.435,8.0,3.0,940190181.2941089,1
2024-08-29 18:00:00,51.435,8.0,3.0,931033820.1380903,1
2024-08-30 00:00:00,51.435,8.0,3.0,938972540.2336369,1
2024-08-30 06:00:00,51.435,8.0,3.0,947978269.2880913,1
2024-08-30 12:00:00,51.435,8.0,3.0,943070512.0350437,1
2024-08-30 18:00:00,51.435,8.0,3.0,934635860.1650219,1
2024-08-31 00:00:00,51.435,8.0,3.0,943014560.0129704,1
2024-08-31 06:00:00,51.435,8.0,3.0,951540455.8987476,1
2024-08-31 12:00:00,51.435,8.0,3.0,946959980.0759791,1
2024-08-31 18:00:00,51.435,8.0,3.0,937272333.0080792,1
2024-09-01 00:00:00,51.435,8.0,3.0,927867195.0655696,1
2024-09-01 06:00:00,51.435,8.0,3.0,934911521.6388973,1
2024-09-01 12:00:00,51.435,8.0,3.0,935990693.0006511,1
2024-09-01 18:00:00,51.435,8.0,3.0,928800474.1025349,1
2024-09-02 00:00:00,51.435,8.0,3.0,908995760.1301111,1
2024-09-02 06:00:00,51.435,8.0,3.0,913935036.8197769,1
2024-09-02 12:00:00,51.435,8.0,3.0,916687149.2304189,1
2024-09-02 18:00:00,51.435,8.0,3.0,909615523.6426885,1
2024-09-03 00:00:00,51.435,8.0,3.0,916272546.6338022,1
2024-09-03 06:00:00,51.435,8.0,3.0,925165715.3325138,1
2024-09-03 12:00:00,51.435,8.0,3.0,925109754.2429521,1
2024-09-03 18:00:00,51.435,8.0,3.0,915405116.8239338,1
2024-09-04 00:00:00,51.435,8.0,3.0,922622996.742684,1
2024-09-04 06:00:00,51.435,8.0,3.0,932633578.7626281,1
2024-09-04 12:00:00,51.435,8.0,3.0,928241242.6939657,1
2024-09-04 18:00:00,51.435,8.0,3.0,915973596.9533451,1
2024-09-05 00:00:00,51.435,8.0,3.0,923134373.1189188,1
2024-09-05 06:00:00,51.435,8.0,3.0,936065655.9281462,1
2024-09-05 12:00:00,51.435,8.0,3.0,928996448.0218065,1
2024-09-05 18:00:00,51.435,8.0,3.0,918902377.5099115,1
2024-09-06 00:00:00,51.435,8.0,3.0,926899756.3556274,1
2024-09-06 06:00:00,51.435,8.0,3.0,939906476.6570573,1
2024-09-06 12:00:00,51.435,8.0,3.0,932043519.0726027,1
2024-09-06 18:00:00,51.435,8.0,3.0,924310041.9710224,1
2024-09-07 00:00:00,51.435,8.0,3.0,930301244.9141148,1
2024-09-07 06:00:00,51.435,8.0,3.0,942804441.3040308,1
2024-09-07 12:00:00,51.435,8.0,3.0,935736412.5722595,1
2024-09-07 18:00:00,51.435,8.0,3.0,928329895.7578361,1
2024-09-08 00:00:00,51.435,8.0,3.0,933359697.799415,1
2024-09-08 06:00:00,51.435,8.0,3.0,944213846.0539051,1
2024-09-08 12:00:00,51.435,8.0,3.0,939191884.2310113,1
2024-09-08 18:00:00,51.435,8.0,3.0,931363310.2138205,1
2024-09-09 00:00:00,51.435,8.0,3.0,912512002.0506538,1
2024-09-09 06:00:00,51.435,8.0,3.0,916646179.2641501,1
2024-09-09 12:00:00,51.435,8.0,3.0,920048181.7648675,1
2024-09-09 18:00:00,51.435,8.0,3.0,912690561.5403531,1
2024-09-10 00:00:00,51.435,8.0,3.0,919983876.0090852,1
2024-09-10 06:00:00,51.435,8.0,3.0,926197489.5629121,1
2024-09-10 12:00:00,51.435,8.0,3.0,929003405.3745482,1
2024-09-10 18:00:00,51.435,8.0,3.0,919308904.0844707,1
2024-09-11 00:00:00,51.435,8.0,3.0,926407025.0649474,1
2024-09-11 06:00:00,51.435,8.0,3.0,936040592.8502686,1
2024-09-11 12:00:00,51.435,8.0,3.0,930903097.0211501,1
2024-09-11 18:00:00,51.435,8.0,3.0,919193060.0093759,1
2024-09-12 00:00:00,51.435,8.0,3.0,926352430.8195806,1
2024-09-12 06:00:00,51.435,8.0,3.0,939636926.1041429,1
2024-09-12 12:00:00,51.435,8.0,3.0,931923782.8028795,1
2024-09-12 18:00:00,51.435,8.0,3.0,922196553.5115509,1
2024-09-13 00:00:00,51.435,8.0,3.0,930178819.2048079,1
2024-09-13 06:00:00,51.435,8.0,3.0,943566265.6332247,1
2024-09-13 12:00:00,51.435,8.0,3.0,935645737.3802559,1
2024-09-13 18:00:00,51.435,8.0,3.0,925961929.658495,1
2024-09-14 00:00:00,51.435,8.0,3.0,933563327.4731399,1
2024-09-14 06:00:00,51.435,8.0,3.0,943988846.9627792,1
2024-09-14 12:00:00,51.435,8.0,3.0,939167582.3544097,1
2024-09-14 18:00:00,51.435,8.0,3.0,929676730.9997892,1
2024-09-15 00:00:00,51.435,8.0,3.0,936912151.3393028,1
2024-09-15 06:00:00,51.435,8.0,3.0,947513001.840596,1
2024-09-15 12:00:00,51.435,8.0,3.0,942105422.8256729,1
2024-09-15 18:00:00,51.435,8.0,3.0,933575312.9763528,1
2024-09-16 00:00:00,51.435,8.0,3.0,916161490.7847674,1
2024-09-16 06:00:00,51.435,8.0,3.0,920395262.8113793,1
2024-09-16 12:00:00,51.435,8.0,3.0,923914151.2137239,1
2024-09-16 18:00:00,51.435,8.0,3.0,916172396.1707376,1
2024-09-17 00:00:00,51.435,8.0,3.0,922874736.1506138,1
2024-09-17 06:00:00,51.435,8.0,3.0,930126584.3026396,1
2024-09-17 12:00:00,51.435,8.0,3.0,931600885.3585646,1
2024-09-17 18:00:00,51.435,8.0,3.0,922862972.790056,1
2024-09-18 00:00:00,51.435,8.0,3.0,927431577.987663,1
2024-09-18 06:00:00,51.435,8.0,3.0,938902665.354295,1
2024-09-18 12:00:00,51.435,8.0,3.0,932316417.7912346,1
2024-09-18 18:00:00,51.435,8.0,3.0,922685558.7160946,1
2024-09-19 00:00:00,51.435,8.0,3.0,930370458.5708377,1
2024-09-19 06:00:00,51.435,8.0,3.0,940749263.6879425,1
2024-09-19 12:00:00,51.435,8.0,3.0,935874936.0233605,1
2024-09-19 18:00:00,51.435,8.0,3.0,926322927.7612886,1
2024-09-20 00:00:00,51.435,8.0,3.0,933994735.4042071,1
2024-09-20 06:00:00,51.435,8.0,3.0,943797873.7860508,1
2024-09-20 12:00:00,51.435,8.0,3.0,939158571.449043,1
2024-09-20 18:00:00,51.435,8.0,3.0,929832504.7917597,1
2024-09-21 00:00:00,51.435,8.0,3.0,937719959.3696525,1
2024-09-21 06:00:00,51.435,8.0,3.0,947040636.4536235,1
2024-09-21 12:00:00,51.435,8.0,3.0,942080882.0718924,1
2024-09-21 18:00:00,51.435,8.0,3.0,933671298.3528596,1
2024-09-22 00:00:00,51.435,8.0,3.0,940924057.9501605,1
2024-09-22 06:00:00,51.435,8.0,3.0,950539917.7561408,1
2024-09-22 12:00:00,51.435,8.0,3.0,945622112.0972961,1
2024-09-22 18:00:00,51.435,8.0,3.0,936290543.8428164,1
2024-09-23 00:00:00,51.435,8.0,3.0,919907974.7077622,1
2024-09-23 06:00:00,51.435,8.0,3.0,924750846.6105933,1
2024-09-23 12:00:00,51.435,8.0,3.0,927587352.125129,1
2024-09-23 18:00:00,51.435,8.0,3.0,919026471.457711,1
2024-09-24 00:00:00,51.435,8.0,3.0,926405674.8689961,1
2024-09-24 06:00:00,51.435,8.0,3.0,933679119.1206872,1
2024-09-24 12:00:00,51.435,8.0,3.0,935226462.5756532,1
2024-09-24 18:00:00,51.435,8.0,3.0,923759271.3840755,1
2024-09-25 00:00:00,51.435,8.0,3.0,930406979.8979177,1
2024-09-25 06:00:00,51.435,8.0,3.0,942403463.3800099,1
2024-09-25 12:00:00,51.435,8.0,3.0,935561422.1465439,1
2024-09-25 18:00:00,51.435,8.0,3.0,926392207.8378575,1
2024-09-26 00:00:00,51.435,8.0,3.0,933639853.3528242,1
2024-09-26 06:00:00,51.435,8.0,3.0,943604501.4929743,1
2024-09-26 12:00:00,51.435,8.0,3.0,939081659.2206554,1
2024-09-26 18:00:00,51.435,8.0,3.0,929820263.0342274,1
2024-09-27 00:00:00,51.435,8.0,3.0,937669413.7318255,1
2024-09-27 06:00:00,51.435,8.0,3.0,947078379.4192741,1
2024-09-27 12:00:00,51.435,8.0,3.0,942012071.4506525,1
2024-09-27 18:00:00,51.435,8.0,3.0,933633748.8390703,1
2024-09-28 00:00:00,51.435,8.0,3.0,941584130.5886289,1
2024-09-28 06:00:00,51.435,8.0,3.0,950256347.9101272,1
2024-09-28 12:00:00,51.435,8.0,3.0,945579275.6457025,1
2024-09-28 18:00:00,51.435,8.0,3.0,936231601.6706505,1
2024-09-29 00:00:00,51.435,8.0,3.0,944687877.5457709,1
2024-09-29 06:00:00,51.435,8.0,3.0,953697310.7330222,1
2024-09-29 12:00:00,51.435,8.0,3.0,948931346.0571092,1
2024-09-29 18:00:00,51.435,8.0,3.0,939367281.1749227,1
2024-09-30 00:00:00,51.435,8.0,3.0,922203816.4701927,1
2024-09-30 06:00:00,51.435,8.0,3.0,928264716.6820059,1
2024-09-30 12:00:00,51.435,8.0,3.0,931418441.9270825,1
2024-09-30 18:00:00,51.435,8.0,3.0,922871119.4082882,1
2024-10-01 00:00:00,51.435,8.0,3.0,912342900.5620803,1
2024-10-01 06:00:00,51.435,8.0,3.0,920817837.6473546,1
2024-10-01 12:00:00,51.435,8.0,3.0,921723464.2617719,1
2024-10-01 18:00:00,51.435,8.0,3.0,913343834.8544562,1
2024-10-02 00:00:00,51.435,8.0,3.0,919858821.9499447,1
2024-10-02 06:00:00,51.435,8.0,3.0,929585987.9211093,1
2024-10-02 12:00:00,51.435,8.0,3.0,928013602.0292982,1
2024-10-02 18:00:00,51.435,8.0,3.0,917971028.8763256,1
2024-10-03 00:00:00,51.435,8.0,3.0,922866863.3610604,1
2024-10-03 06:00:00,51.435,8.0,3.0,935400069.543549,1
2024-10-03 12:00:00,51.435,8.0,3.0,930720628.835283,1
2024-10-03 18:00:00,51.435,8.0,3.0,918536282.22595,1
2024-10-04 00:00:00,51.435,8.0,3.0,925560089.3274637,1
2024-10-04 06:00:00,51.435,8.0,3.0,938846804.577497,1
2024-10-04 12:00:00,51.435,8.0,3.0,931485461.3619983,1
2024-10-04 18:00:00,51.435,8.0,3.0,923582112.2944069,1
2024-10-05 00:00:00,51.435,8.0,3.0,929469272.0785699,1
2024-10-05 06:00:00,51.435,8.0,3.0,942238027.7419269,1
2024-10-05 12:00:00,51.435,8.0,3.0,935180182.5467433,1
2024-10-05 18:00:00,51.435,8.0,3.0,927499267.3172292,1
2024-10-06 00:00:00,51.435,8.0,3.0,932477735.0926824,1
2024-10-06 06:00:00,51.435,8.0,3.0,943325821.1734517,1
2024-10-06 12:00:00,51.435,8.0,3.0,938717554.3678249,1
2024-10-06 18:00:00,51.435,8.0,3.0,930636395.3379521,1
2024-10-07 00:00:00,51.435,8.0,3.0,911697380.2833147,1
2024-10-07 06:00:00,51.435,8.0,3.0,916761877.1139807,1
2024-10-07 12:00:00,51.435,8.0,3.0,919240384.5890093,1
2024-10-07 18:00:00,51.435,8.0,3.0,911857270.7869551,1
2024-10-08 00:00:00,51.435,8.0,3.0,919092861.533023,1
2024-10-08 06:00:00,51.435,8.0,3.0,925301308.1040902,1
2024-10-08 12:00:00,51.435,8.0,3.0,928222249.1333936,1
2024-10-08 18:00:00,51.435,8.0,3.0,918459712.8739605,1
2024-10-09 00:00:00,51.435,8.0,3.0,925628710.6259155,1
2024-10-09 06:00:00,51.435,8.0,3.0,935189300.6747735,1
2024-10-09 12:00:00,51.435,8.0,3.0,930275524.9443631,1
2024-10-09 18:00:00,51.435,8.0,3.0,918527650.1869107,1
2024-10-10 00:00:00,51.435,8.0,3.0,925804774.1607481,1
2024-10-10 06:00:00,51.435,8.0,3.0,938795457.0347681,1
2024-10-10 12:00:00,51.435,8.0,3.0,931177305.0510726,1
2024-10-10 18:00:00,51.435,8.0,3.0,921398317.0665286,1
2024-10-11 00:00:00,51.435,8.0,3.0,929336937.2594967,1
2024-10-11 06:00:00,51.435,8.0,3.0,942942648.923064,1
2024-10-11 12:00:00,51.435,8.0,3.0,934946681.8697867,1
2024-10-11 18:00:00,51.435,8.0,3.0,925101337.4766388,1
2024-10-12 00:00:00,51.435,8.0,3.0,932706095.9585824,1
2024-10-12 06:00:00,51.435,8.0,3.0,943061599.8298796,1
2024-10-12 12:00:00,51.435,8.0,3.0,938573856.3126307,1
2024-10-12 18:00:00,51.435,8.0,3.0,928886896.6284658,1
2024-10-13 00:00:00,51.435,8.0,3.0,936019076.5075481,1
2024-10-13 06:00:00,51.435,8.0,3.0,947066127.0133151,1
2024-10-13 12:00:00,51.435,8.0,3.0,941394249.2560854,1
2024-10-13 18:00:00,51.435,8.0,3.0,932662257.2000048,1
2024-10-14 00:00:00,51.435,8.0,3.0,915206145.6398377,1
2024-10-14 06:00:00,51.435,8.0,3.0,919684449.9114693,1
2024-10-14 12:00:00,51.435,8.0,3.0,923055451.3109342,1
2024-10-14 18:00:00,51.435,8.0,3.0,915490573.2586672,1
2024-10-15 00:00:00,51.435,8.0,3.0,921993640.9149768,1
2024-10-15 06:00:00,51.435,8.0,3.0,929344160.0357491,1
2024-10-15 12:00:00,51.435,8.0,3.0,931838373.2745402,1
2024-10-15 18:00:00,51.435,8.0,3.0,921964251.1953838,1
2024-10-16 00:00:00,51.435,8.0,3.0,926399382.3191068,1
2024-10-16 06:00:00,51.435,8.0,3.0,938632129.8978603,1
2024-10-16 12:00:00,51.435,8.0,3.0,931227730.2609245,1
2024-10-16 18:00:00,51.435,8.0,3.0,921658798.8311845,1
2024-10-17 00:00:00,51.435,8.0,3.0,929353000.9828223,1
2024-10-17 06:00:00,51.435,8.0,3.0,940192189.5239727,1
2024-10-17 12:00:00,51.435,8.0,3.0,935194510.0860711,1
2024-10-17 18:00:00,51.435,8.0,3.0,925519846.5630409,1
2024-10-18 00:00:00,51.435,8.0,3.0,933087906.1785457,1
2024-10-18 06:00:00,51.435,8.0,3.0,942899432.8889095,1
2024-10-18 12:00:00,51.435,8.0,3.0,938529204.1668544,1
2024-10-18 18:00:00,51.435,8.0,3.0,928953203.9291458,1
2024-10-19 00:00:00,51.435,8.0,3.0,936729074.9152792,1
2024-10-19 06:00:00,51.435,8.0,3.0,946812953.8590422,1
2024-10-19 12:00:00,51.435,8.0,3.0,941066198.927557,1
2024-10-19 18:00:00,51.435,8.0,3.0,932619285.9351274,1
2024-10-20 00:00:00,51.435,8.0,3.0,939843901.8016887,1
2024-10-20 06:00:00,51.435,8.0,3.0,949810523.1019357,1
2024-10-20 12:00:00,51.435,8.0,3.0,944672379.9947742,1
2024-10-20 18:00:00,51.435,8.0,3.0,935497795.3297676,1
2024-10-21 00:00:00,51.435,8.0,3.0,919117674.6733439,1
2024-10-21 06:00:00,51.435,8.0,3.0,923876026.6580526,1
2024-10-21 12:00:00,51.435,8.0,3.0,926723456.4795431,1
2024-10-21 18:00:00,51.435,8.0,3.0,918198661.0971459,1
2024-10-22 00:00:00,51.435,8.0,3.0,925474037.4858252,1
2024-10-22 06:00:00,51.435,8.0,3.0,932736627.3771508,1
2024-10-22 12:00:00,51.435,8.0,3.0,934315986.2454426,1
2024-10-22 18:00:00,51.435,8.0,3.0,923054578.807642,1
2024-10-23 00:00:00,51.435,8.0,3.0,929684107.446677,1
2024-10-23 06:00:00,51.435,8.0,3.0,941725040.0534735,1
2024-10-23 12:00:00,51.435,8.0,3.0,934660426.162631,1
2024-10-23 18:00:00,51.435,8.0,3.0,925420304.8377447,1
2024-10-24 00:00:00,51.435,8.0,3.0,932750183.6109873,1
2024-10-24 06:00:00,51.435,8.0,3.0,942777930.8890805,1
2024-10-24 12:00:00,51.435,8.0,3.0,938384722.3188704,1
2024-10-24 18:00:00,51.435,8.0,3.0,928838240.6132351,1
2024-10-25 00:00:00,51.435,8.0,3.0,936635549.3829244,1
2024-10-25 06:00:00,51.435,8.0,3.0,946543075.6483308,1
2024-10-25 12:00:00,51.435,8.0,3.0,941108690.9011017,1
2024-10-25 18:00:00,51.435,8.0,3.0,932605373.1254518,1
2024-10-26 00:00:00,51.435,8.0,3.0,940498949.0380157,1
2024-10-26 06:00:00,51.435,8.0,3.0,949468850.5506196,1
2024-10-26 12:00:00,51.435,8.0,3.0,944574519.7447152,1
2024-10-26 18:00:00,51.435,8.0,3.0,935409284.7753363,1
2024-10-27 00:00:00,51.435,8.0,3.0,943656768.5730016,1
2024-10-27 06:00:00,51.435,8.0,3.0,952824544.1871485,1
2024-10-27 12:00:00,51.435,8.0,3.0,947998773.9750125,1
2024-10-27 18:00:00,51.435,8.0,3.0,938697070.6000137,1
2024-10-28 00:00:00,51.435,8.0,3.0,922182321.7615689,1
2024-10-28 06:00:00,51.435,8.0,3.0,927332763.2757757,1
2024-10-28 12:00:00,51.435,8.0,3.0,930422886.9588939,1
2024-10-28 18:00:00,51.435,8.0,3.0,922064503.573664,1
2024-10-29 00:00:00,51.435,8.0,3.0,929057895.2524492,1
2024-10-29 06:00:00,51.435,8.0,3.0,936500992.3058349,1
2024-10-29 12:00:00,51.435,8.0,3.0,935857952.1462716,1
2024-10-29 18:00:00,51.435,8.0,3.0,926644481.9260535,1
2024-10-30 00:00:00,51.435,8.0,3.0,933506865.5771325,1
2024-10-30 06:00:00,51.435,8.0,3.0,942768149.3925881,1
2024-10-30 12:00:00,51.435,8.0,3.0,938246987.256305,1
2024-10-30 18:00:00,51.435,8.0,3.0,929102066.656962,1
2024-10-31 00:00:00,51.435,8.0,3.0,936577463.0898232,1
2024-10-31 06:00:00,51.435,8.0,3.0,946376206.4096789,1
2024-10-31 12:00:00,51.435,8.0,3.0,941014905.5865618,1
2024-10-31 18:00:00,51.435,8.0,3.0,932540194.8012272,1
2024-11-01 00:00:00,51.435,8.0,3.0,922422369.5063584,1
2024-11-01 06:00:00,51.435,8.0,3.0,931166134.1018642,1
2024-11-01 12:00:00,51.435,8.0,3.0,930684772.2665687,1
2024-11-01 18:00:00,51.435,8.0,3.0,922741490.5608429,1
2024-11-02 00:00:00,51.435,8.0,3.0,928616728.7092034,1
2024-11-02 06:00:00,51.435,8.0,3.0,936951494.1879511,1
2024-11-02 12:00:00,51.435,8.0,3.0,935080304.7951009,1
2024-11-02 18:00:00,51.435,8.0,3.0,927108959.1815305,1
2024-11-03 00:00:00,51.435,8.0,3.0,931741883.8548375,1
2024-11-03 06:00:00,51.435,8.0,3.0,940146085.0571021,1
2024-11-03 12:00:00,51.435,8.0,3.0,937708564.3001857,1
2024-11-03 18:00:00,51.435,8.0,3.0,930682410.78802,1
2024-11-04 00:00:00,51.435,8.0,3.0,910696069.1837482,1
2024-11-04 06:00:00,51.435,8.0,3.0,915317342.0611739,1
2024-11-04 12:00:00,51.435,8.0,3.0,917737618.5188117,1
2024-11-04 18:00:00,51.435,8.0,3.0,910637430.7250807,1
2024-11-05 00:00:00,51.435,8.0,3.0,917646493.0434151,1
2024-11-05 06:00:00,51.435,8.0,3.0,926549417.2311411,1
2024-11-05 12:00:00,51.435,8.0,3.0,926516142.7521572,1
2024-11-05 18:00:00,51.435,8.0,3.0,916798995.8498993,1
2024-11-06 00:00:00,51.435,8.0,3.0,924031382.4440855,1
2024-11-06 06:00:00,51.435,8.0,3.0,933791276.261145,1
2024-11-06 12:00:00,51.435,8.0,3.0,929002188.8351505,1
2024-11-06 18:00:00,51.435,8.0,3.0,916979913.9953094,1
2024-11-07 00:00:00,51.435,8.0,3.0,924506998.0946021,1
2024-11-07 06:00:00,51.435,8.0,3.0,937320746.7455897,1
2024-11-07 12:00:00,51.435,8.0,3.0,930245093.5112318,1
2024-11-07 18:00:00,51.435,8.0,3.0,920015550.1987045,1
2024-11-08 00:00:00,51.435,8.0,3.0,928138383.2488031,1
2024-11-08 06:00:00,51.435,8.0,3.0,941441219.9472231,1
2024-11-08 12:00:00,51.435,8.0,3.0,933409941.1220978,1
2024-11-08 18:00:00,51.435,8.0,3.0,923639065.6705515,1
2024-11-09 00:00:00,51.435,8.0,3.0,930692223.90985,1
2024-11-09 06:00:00,51.435,8.0,3.0,944217487.107875,1
2024-11-09 12:00:00,51.435,8.0,3.0,937067373.0316248,1
2024-11-09 18:00:00,51.435,8.0,3.0,927428427.6118194,1
2024-11-10 00:00:00,51.435,8.0,3.0,934150105.7645042,1
2024-11-10 06:00:00,51.435,8.0,3.0,945530674.0307282,1
2024-11-10 12:00:00,51.435,8.0,3.0,940575606.5323964,1
2024-11-10 18:00:00,51.435,8.0,3.0,932709837.2011188,1
2024-11-11 00:00:00,51.435,8.0,3.0,913861083.7746009,1
2024-11-11 06:00:00,51.435,8.0,3.0,918123789.423858,1
2024-11-11 12:00:00,51.435,8.0,3.0,921506235.0326654,1
2024-11-11 18:00:00,51.435,8.0,3.0,914135837.097779,1
2024-11-12 00:00:00,51.435,8.0,3.0,921423475.7241514,1
2024-11-12 06:00:00,51.435,8.0,3.0,927700213.3323461,1
2024-11-12 12:00:00,51.435,8.0,3.0,930398815.4970897,1
2024-11-12 18:00:00,51.435,8.0,3.0,920813965.1588246,1
2024-11-13 00:00:00,51.435,8.0,3.0,925194628.3573546,1
2024-11-13 06:00:00,51.435,8.0,3.0,937406807.885296,1
2024-11-13 12:00:00,51.435,8.0,3.0,930051534.7959827,1
2024-11-13 18:00:00,51.435,8.0,3.0,920238338.6154224,1
2024-11-14 00:00:00,51.435,8.0,3.0,928128567.0333005,1
2024-11-14 06:00:00,51.435,8.0,3.0,941187680.7912347,1
2024-11-14 12:00:00,51.435,8.0,3.0,933328615.574086,1
2024-11-14 18:00:00,51.435,8.0,3.0,923555635.1520226,1
2024-11-15 00:00:00,51.435,8.0,3.0,931414170.9547713,1
2024-11-15 06:00:00,51.435,8.0,3.0,943808165.1927948,1
2024-11-15 12:00:00,51.435,8.0,3.0,936786523.9545553,1
2024-11-15 18:00:00,51.435,8.0,3.0,927478210.012376,1
2024-11-16 00:00:00,51.435,8.0,3.0,935039377.9938867,1
2024-11-16 06:00:00,51.435,8.0,3.0,945420324.5234708,1
2024-11-16 12:00:00,51.435,8.0,3.0,940555647.297398,1
2024-11-16 18:00:00,51.435,8.0,3.0,931147973.7099897,1
2024-11-17 00:00:00,51.435,8.0,3.0,938311914.1180913,1
2024-11-17 06:00:00,51.435,8.0,3.0,948331695.1053616,1
2024-11-17 12:00:00,51.435,8.0,3.0,943536890.1359178,1
2024-11-17 18:00:00,51.435,8.0,3.0,934947787.3101684,1
2024-11-18 00:00:00,51.435,8.0,3.0,917709533.0778971,1
2024-11-18 06:00:00,51.435,8.0,3.0,921881668.5573181,1
2024-11-18 12:00:00,51.435,8.0,3.0,925390179.170487,1
2024-11-18 18:00:00,51.435,8.0,3.0,917677033.202379,1
2024-11-19 00:00:00,51.435,8.0,3.0,924272325.1522846,1
2024-11-19 06:00:00,51.435,8.0,3.0,931354429.828165,1
2024-11-19 12:00:00,51.435,8.0,3.0,933046948.8756105,1
2024-11-19 18:00:00,51.435,8.0,3.0,921626670.9351176,1
2024-11-20 00:00:00,51.435,8.0,3.0,928523318.8024983,1
2024-11-20 06:00:00,51.435,8.0,3.0,941130670.1688225,1
2024-11-20 12:00:00,51.435,8.0,3.0,933324477.5179337,1
2024-11-20 18:00:00,51.435,8.0,3.0,923755010.0497285,1
2024-11-21 00:00:00,51.435,8.0,3.0,931341081.889663,1
2024-11-21 06:00:00,51.435,8.0,3.0,941428428.7620686,1
2024-11-21 12:00:00,51.435,8.0,3.0,937009808.3359812,1
2024-11-21 18:00:00,51.435,8.0,3.0,927762700.9668152,1
2024-11-22 00:00:00,51.435,8.0,3.0,935226253.8362907,1
2024-11-22 06:00:00,51.435,8.0,3.0,945275335.4922546,1
2024-11-22 12:00:00,51.435,8.0,3.0,940493821.6379795,1
2024-11-22 18:00:00,51.435,8.0,3.0,931250312.7571497,1
2024-11-23 00:00:00,51.435,8.0,3.0,939045786.2319797,1
2024-11-23 06:00:00,51.435,8.0,3.0,948079626.3214521,1
2024-11-23 12:00:00,51.435,8.0,3.0,943504341.0586903,1
2024-11-23 18:00:00,51.435,8.0,3.0,934985140.7342441,1
2024-11-24 00:00:00,51.435,8.0,3.0,942347122.9354324,1
2024-11-24 06:00:00,51.435,8.0,3.0,951898313.5187162,1
2024-11-24 12:00:00,51.435,8.0,3.0,946989264.4320443,1
2024-11-24 18:00:00,51.435,8.0,3.0,937284923.5775633,1
2024-11-25 00:00:00,51.435,8.0,3.0,921222308.5756924,1
2024-11-25 06:00:00,51.435,8.0,3.0,925859467.567486,1
2024-11-25 12:00:00,51.435,8.0,3.0,928965754.2532332,1
2024-11-25 18:00:00,51.435,8.0,3.0,920462801.7437868,1
2024-11-26 00:00:00,51.435,8.0,3.0,927788629.071707,1
2024-11-26 06:00:00,51.435,8.0,3.0,935115351.2048795,1
2024-11-26 12:00:00,51.435,8.0,3.0,934614037.0131469,1
2024-11-26 18:00:00,51.435,8.0,3.0,925268654.1741824,1
2024-11-27 00:00:00,51.435,8.0,3.0,932086507.5505381,1
2024-11-27 06:00:00,51.435,8.0,1.0,538760638.0,0
2024-11-27 12:00:00,51.435,8.0,3.0,885357499.8434507,1
2024-11-27 18:00:00,51.435,11.0,10.0,200959871.0,0
2024-11-28 00:00:00,51.435,11.0,10.0,248268782.0,0
2024-11-28 06:00:00,51.435,8.0,1.0,922798852.0,0
2024-11-28 12:00:00,51.435,8.0,3.0,915172174.5,0
2024-11-28 18:00:00,51.435,8.0,1.0,75759646.0,0
2024-11-29 00:00:00,51.435,8.0,3.0,988331173.2635336,1
2024-11-29 06:00:00,51.435,8.0,3.0,920389884.5,0
2024-11-29 12:00:00,51.435,8.0,3.0,899969547.7584832,1
2024-11-29 18:00:00,51.435,8.0,3.0,880748370.1994315,1
2024-11-30 00:00:00,51.435,8.0,3.0,911433898.0,0
2024-11-30 06:00:00,51.435,8.0,3.0,921752299.0,0
2024-11-30 12:00:00,51.435,8.0,3.0,937593893.2740604,1
2024-11-30 18:00:00,51.435,8.0,3.0,921015302.0,0
2024-12-01 00:00:00,51.435,8.0,3.0,915643851.5,0
2024-12-01 06:00:00,51.435,8.0,3.0,921280393.0,0
2024-12-01 12:00:00,51.435,8.0,3.0,921620809.0,0
2024-12-01 18:00:00,51.435,8.0,1.0,579709008.5,0
2024-12-02 00:00:00,51.435,8.0,3.0,860433848.0474546,1
2024-12-02 06:00:00,51.435,8.0,1.0,423503571.75,0
2024-12-02 12:00:00,51.435,8.0,3.0,249770928.0,0
2024-12-02 18:00:00,51.435,8.0,1.0,117965104.0,0
2024-12-03 00:00:00,51.435,8.0,3.0,230633368.0,0
2024-12-03 06:00:00,51.435,8.0,1.0,566914368.0,0
2024-12-03 12:00:00,51.435,10.0,10.0,923325304.0,0
2024-12-03 18:00:00,51.435,8.0,3.0,584842843.5,0
2024-12-04 00:00:00,51.435,8.0,3.0,696939000.0,0
2024-12-04 06:00:00,51.435,8.0,1.0,231638953.0,0
2024-12-04 12:00:00,51.435,8.0,3.0,916684047.67,0
2024-12-04 18:00:00,51.435,8.0,3.0,895640493.974401,1
2024-12-05 00:00:00,51.435,8.0,1.0,230634510.0,0
2024-12-05 06:00:00,51.435,8.0,1.0,552470776.5,0
2024-12-05 12:00:00,51.435,10.0,10.0,226702867.0,0
2024-12-05 18:00:00,51.435,8.0,3.0,219388652.0,0
2024-12-06 00:00:00,51.435,8.0,1.0,229114176.0,0
2024-12-06 06:00:00,51.435,8.0,1.0,447113432.0,0
2024-12-06 12:00:00,51.435,8.0,1.0,909169730.0,0
2024-12-06 18:00:00,51.435,8.0,1.0,793144988.0,0
2024-12-07 00:00:00,51.435,8.0,1.0,833110286.5,0
2024-12-07 06:00:00,51.435,8.0,1.0,580518568.0,0
2024-12-07 12:00:00,51.435,8.0,1.0,769709598.0,0
2024-12-07 18:00:00,51.435,8.0,1.0,712194548.5,0
2024-12-08 00:00:00,51.435,8.0,1.0,788098806.0,0
2024-12-08 06:00:00,51.435,8.0,1.0,923952557.0,0
2024-12-08 12:00:00,51.435,8.0,1.0,809215997.5,0
2024-12-08 18:00:00,51.435,8.0,1.0,828902146.0,0
2024-12-09 00:00:00,51.435,8.0,1.0,801479827.0,0
2024-12-09 06:00:00,51.435,8.0,1.0,410436109.5,0
2024-12-09 12:00:00,51.435,10.0,10.0,215588120.0,0
